
========================================
TIMESTAMP: 2026-07-15 16:09:52
TO: user_ed18b4 <user_ed18b4@testfarm.com>
SUBJECT: [ResidueGuard] Daily Withdrawal & MRL Compliance Alert - 2026-07-15
SMTP SENT: False (Error: )
----------------------------------------
ResidueGuard Alerts
Daily Farm Compliance & Withdrawal Summary
Hello user_ed18b4,
Below is your scheduled daily status report for tenant account #8. Please ensure all animals listed under withdrawal do not enter the commercial food supply chain until their respective clearance dates.
🎉 All Compliant
No animals are currently treated, in withdrawal, or quarantined. All livestock are eligible for standard transport and sale.
This is an automated warning message from your ResidueGuard portal.
&copy; 2026 ResidueGuard Ltd. All rights reserved.
========================================

========================================
TIMESTAMP: 2026-07-15 16:12:09
TO: user_ed18b4 <user_ed18b4@testfarm.com>
SUBJECT: [ResidueGuard] Daily Withdrawal & MRL Compliance Alert - 2026-07-15
SMTP SENT: False (Error: )
----------------------------------------
ResidueGuard Alerts
Daily Farm Compliance & Withdrawal Summary
Hello user_ed18b4,
Below is your scheduled daily status report for tenant account #8. Please ensure all animals listed under withdrawal do not enter the commercial food supply chain until their respective clearance dates.
🎉 All Compliant
No animals are currently treated, in withdrawal, or quarantined. All livestock are eligible for standard transport and sale.
This is an automated warning message from your ResidueGuard portal.
&copy; 2026 ResidueGuard Ltd. All rights reserved.
========================================

========================================
TIMESTAMP: 2026-07-15 16:12:09
TO: user_ed18b4 <user_ed18b4@testfarm.com>
SUBJECT: [ResidueGuard] Daily Withdrawal & MRL Compliance Alert - 2026-07-15
SMTP SENT: False (Error: )
----------------------------------------
ResidueGuard Alerts
Daily Farm Compliance & Withdrawal Summary
Hello user_ed18b4,
Below is your scheduled daily status report for tenant account #8. Please ensure all animals listed under withdrawal do not enter the commercial food supply chain until their respective clearance dates.
🎉 All Compliant
No animals are currently treated, in withdrawal, or quarantined. All livestock are eligible for standard transport and sale.
This is an automated warning message from your ResidueGuard portal.
&copy; 2026 ResidueGuard Ltd. All rights reserved.
========================================

========================================
TIMESTAMP: 2026-07-15 16:23:14
TO: user_ed18b4 <user_ed18b4@testfarm.com>
SUBJECT: [ResidueGuard] Daily Withdrawal & MRL Compliance Alert - 2026-07-15
SMTP SENT: False (Error: )
----------------------------------------
ResidueGuard Alerts
Daily Farm Compliance & Withdrawal Summary
Hello user_ed18b4,
Below is your scheduled daily status report for tenant account #8. Please ensure all animals listed under withdrawal do not enter the commercial food supply chain until their respective clearance dates.
🎉 All Compliant
No animals are currently treated, in withdrawal, or quarantined. All livestock are eligible for standard transport and sale.
This is an automated warning message from your ResidueGuard portal.
&copy; 2026 ResidueGuard Ltd. All rights reserved.
========================================

========================================
TIMESTAMP: 2026-07-15 16:24:40
TO: user_ed18b4 <user_ed18b4@testfarm.com>
SUBJECT: [ResidueGuard] Daily Withdrawal & MRL Compliance Alert - 2026-07-15
SMTP SENT: False (Error: )
----------------------------------------
ResidueGuard Alerts
Daily Farm Compliance & Withdrawal Summary
Hello user_ed18b4,
Below is your scheduled daily status report for tenant account #8. Please ensure all animals listed under withdrawal do not enter the commercial food supply chain until their respective clearance dates.
🎉 All Compliant
No animals are currently treated, in withdrawal, or quarantined. All livestock are eligible for standard transport and sale.
This is an automated warning message from your ResidueGuard portal.
&copy; 2026 ResidueGuard Ltd. All rights reserved.
========================================

========================================
TIMESTAMP: 2026-07-15 16:24:40
TO: user_ed18b4 <user_ed18b4@testfarm.com>
SUBJECT: [ResidueGuard] Daily Withdrawal & MRL Compliance Alert - 2026-07-15
SMTP SENT: False (Error: )
----------------------------------------
ResidueGuard Alerts
Daily Farm Compliance & Withdrawal Summary
Hello user_ed18b4,
Below is your scheduled daily status report for tenant account #8. Please ensure all animals listed under withdrawal do not enter the commercial food supply chain until their respective clearance dates.
🎉 All Compliant
No animals are currently treated, in withdrawal, or quarantined. All livestock are eligible for standard transport and sale.
This is an automated warning message from your ResidueGuard portal.
&copy; 2026 ResidueGuard Ltd. All rights reserved.
========================================

========================================
TIMESTAMP: 2026-07-15 16:26:13
TO: user_ed18b4 <user_ed18b4@testfarm.com>
SUBJECT: [ResidueGuard] Daily Withdrawal & MRL Compliance Alert - 2026-07-15
SMTP SENT: False (Error: )
----------------------------------------
ResidueGuard Alerts
Daily Farm Compliance & Withdrawal Summary
Hello user_ed18b4,
Below is your scheduled daily status report for tenant account #8. Please ensure all animals listed under withdrawal do not enter the commercial food supply chain until their respective clearance dates.
🎉 All Compliant
No animals are currently treated, in withdrawal, or quarantined. All livestock are eligible for standard transport and sale.
This is an automated warning message from your ResidueGuard portal.
&copy; 2026 ResidueGuard Ltd. All rights reserved.
========================================

========================================
TIMESTAMP: 2026-07-15 16:26:13
TO: user_e5e88f <user_e5e88f@testfarm.com>
SUBJECT: [ResidueGuard] Daily Withdrawal & MRL Compliance Alert - 2026-07-15
SMTP SENT: False (Error: )
----------------------------------------
ResidueGuard Alerts
Daily Farm Compliance & Withdrawal Summary
Hello user_e5e88f,
Below is your scheduled daily status report for tenant account #9. Please ensure all animals listed under withdrawal do not enter the commercial food supply chain until their respective clearance dates.
🎉 All Compliant
No animals are currently treated, in withdrawal, or quarantined. All livestock are eligible for standard transport and sale.
This is an automated warning message from your ResidueGuard portal.
&copy; 2026 ResidueGuard Ltd. All rights reserved.
========================================

========================================
TIMESTAMP: 2026-07-15 16:27:09
TO: user_ed18b4 <user_ed18b4@testfarm.com>
SUBJECT: [ResidueGuard] Daily Withdrawal & MRL Compliance Alert - 2026-07-15
SMTP SENT: False (Error: )
----------------------------------------
ResidueGuard Alerts
Daily Farm Compliance & Withdrawal Summary
Hello user_ed18b4,
Below is your scheduled daily status report for tenant account #8. Please ensure all animals listed under withdrawal do not enter the commercial food supply chain until their respective clearance dates.
🎉 All Compliant
No animals are currently treated, in withdrawal, or quarantined. All livestock are eligible for standard transport and sale.
This is an automated warning message from your ResidueGuard portal.
&copy; 2026 ResidueGuard Ltd. All rights reserved.
========================================

========================================
TIMESTAMP: 2026-07-15 16:27:09
TO: user_e5e88f <user_e5e88f@testfarm.com>
SUBJECT: [ResidueGuard] Daily Withdrawal & MRL Compliance Alert - 2026-07-15
SMTP SENT: False (Error: )
----------------------------------------
ResidueGuard Alerts
Daily Farm Compliance & Withdrawal Summary
Hello user_e5e88f,
Below is your scheduled daily status report for tenant account #9. Please ensure all animals listed under withdrawal do not enter the commercial food supply chain until their respective clearance dates.
🎉 All Compliant
No animals are currently treated, in withdrawal, or quarantined. All livestock are eligible for standard transport and sale.
This is an automated warning message from your ResidueGuard portal.
&copy; 2026 ResidueGuard Ltd. All rights reserved.
========================================

========================================
TIMESTAMP: 2026-07-15 16:27:10
TO: user_ed18b4 <user_ed18b4@testfarm.com>
SUBJECT: [ResidueGuard] Daily Withdrawal & MRL Compliance Alert - 2026-07-15
SMTP SENT: False (Error: )
----------------------------------------
ResidueGuard Alerts
Daily Farm Compliance & Withdrawal Summary
Hello user_ed18b4,
Below is your scheduled daily status report for tenant account #8. Please ensure all animals listed under withdrawal do not enter the commercial food supply chain until their respective clearance dates.
🎉 All Compliant
No animals are currently treated, in withdrawal, or quarantined. All livestock are eligible for standard transport and sale.
This is an automated warning message from your ResidueGuard portal.
&copy; 2026 ResidueGuard Ltd. All rights reserved.
========================================

========================================
TIMESTAMP: 2026-07-15 16:27:10
TO: user_e5e88f <user_e5e88f@testfarm.com>
SUBJECT: [ResidueGuard] Daily Withdrawal & MRL Compliance Alert - 2026-07-15
SMTP SENT: False (Error: )
----------------------------------------
ResidueGuard Alerts
Daily Farm Compliance & Withdrawal Summary
Hello user_e5e88f,
Below is your scheduled daily status report for tenant account #9. Please ensure all animals listed under withdrawal do not enter the commercial food supply chain until their respective clearance dates.
🎉 All Compliant
No animals are currently treated, in withdrawal, or quarantined. All livestock are eligible for standard transport and sale.
This is an automated warning message from your ResidueGuard portal.
&copy; 2026 ResidueGuard Ltd. All rights reserved.
========================================

========================================
TIMESTAMP: 2026-07-16 12:20:04
TO: user_ed18b4 <user_ed18b4@testfarm.com>
SUBJECT: [ResidueGuard] Daily Withdrawal & MRL Compliance Alert - 2026-07-16
SMTP SENT: False (Error: )
----------------------------------------
ResidueGuard Alerts
Daily Farm Compliance & Withdrawal Summary
Hello user_ed18b4,
Below is your scheduled daily status report for tenant account #8. Please ensure all animals listed under withdrawal do not enter the commercial food supply chain until their respective clearance dates.
🎉 All Compliant
No animals are currently treated, in withdrawal, or quarantined. All livestock are eligible for standard transport and sale.
This is an automated warning message from your ResidueGuard portal.
&copy; 2026 ResidueGuard Ltd. All rights reserved.
========================================

========================================
TIMESTAMP: 2026-07-16 12:20:04
TO: user_e5e88f <user_e5e88f@testfarm.com>
SUBJECT: [ResidueGuard] Daily Withdrawal & MRL Compliance Alert - 2026-07-16
SMTP SENT: False (Error: )
----------------------------------------
ResidueGuard Alerts
Daily Farm Compliance & Withdrawal Summary
Hello user_e5e88f,
Below is your scheduled daily status report for tenant account #9. Please ensure all animals listed under withdrawal do not enter the commercial food supply chain until their respective clearance dates.
🎉 All Compliant
No animals are currently treated, in withdrawal, or quarantined. All livestock are eligible for standard transport and sale.
This is an automated warning message from your ResidueGuard portal.
&copy; 2026 ResidueGuard Ltd. All rights reserved.
========================================

========================================
TIMESTAMP: 2026-07-16 12:20:05
TO: user_ed18b4 <user_ed18b4@testfarm.com>
SUBJECT: [ResidueGuard] Daily Withdrawal & MRL Compliance Alert - 2026-07-16
SMTP SENT: False (Error: )
----------------------------------------
ResidueGuard Alerts
Daily Farm Compliance & Withdrawal Summary
Hello user_ed18b4,
Below is your scheduled daily status report for tenant account #8. Please ensure all animals listed under withdrawal do not enter the commercial food supply chain until their respective clearance dates.
🎉 All Compliant
No animals are currently treated, in withdrawal, or quarantined. All livestock are eligible for standard transport and sale.
This is an automated warning message from your ResidueGuard portal.
&copy; 2026 ResidueGuard Ltd. All rights reserved.
========================================

========================================
TIMESTAMP: 2026-07-16 12:20:05
TO: user_e5e88f <user_e5e88f@testfarm.com>
SUBJECT: [ResidueGuard] Daily Withdrawal & MRL Compliance Alert - 2026-07-16
SMTP SENT: False (Error: )
----------------------------------------
ResidueGuard Alerts
Daily Farm Compliance & Withdrawal Summary
Hello user_e5e88f,
Below is your scheduled daily status report for tenant account #9. Please ensure all animals listed under withdrawal do not enter the commercial food supply chain until their respective clearance dates.
🎉 All Compliant
No animals are currently treated, in withdrawal, or quarantined. All livestock are eligible for standard transport and sale.
This is an automated warning message from your ResidueGuard portal.
&copy; 2026 ResidueGuard Ltd. All rights reserved.
========================================

========================================
TIMESTAMP: 2026-07-16 12:20:21
TO: user_ed18b4 <user_ed18b4@testfarm.com>
SUBJECT: [ResidueGuard] Daily Withdrawal & MRL Compliance Alert - 2026-07-16
SMTP SENT: False (Error: )
----------------------------------------
ResidueGuard Alerts
Daily Farm Compliance & Withdrawal Summary
Hello user_ed18b4,
Below is your scheduled daily status report for tenant account #8. Please ensure all animals listed under withdrawal do not enter the commercial food supply chain until their respective clearance dates.
🎉 All Compliant
No animals are currently treated, in withdrawal, or quarantined. All livestock are eligible for standard transport and sale.
This is an automated warning message from your ResidueGuard portal.
&copy; 2026 ResidueGuard Ltd. All rights reserved.
========================================

========================================
TIMESTAMP: 2026-07-16 12:20:21
TO: user_e5e88f <user_e5e88f@testfarm.com>
SUBJECT: [ResidueGuard] Daily Withdrawal & MRL Compliance Alert - 2026-07-16
SMTP SENT: False (Error: )
----------------------------------------
ResidueGuard Alerts
Daily Farm Compliance & Withdrawal Summary
Hello user_e5e88f,
Below is your scheduled daily status report for tenant account #9. Please ensure all animals listed under withdrawal do not enter the commercial food supply chain until their respective clearance dates.
🎉 All Compliant
No animals are currently treated, in withdrawal, or quarantined. All livestock are eligible for standard transport and sale.
This is an automated warning message from your ResidueGuard portal.
&copy; 2026 ResidueGuard Ltd. All rights reserved.
========================================

========================================
TIMESTAMP: 2026-07-16 12:20:21
TO: user_355de8 <user_355de8@testfarm.com>
SUBJECT: [ResidueGuard] Daily Withdrawal & MRL Compliance Alert - 2026-07-16
SMTP SENT: False (Error: )
----------------------------------------
ResidueGuard Alerts
Daily Farm Compliance & Withdrawal Summary
Hello user_355de8,
Below is your scheduled daily status report for tenant account #10. Please ensure all animals listed under withdrawal do not enter the commercial food supply chain until their respective clearance dates.
🎉 All Compliant
No animals are currently treated, in withdrawal, or quarantined. All livestock are eligible for standard transport and sale.
This is an automated warning message from your ResidueGuard portal.
&copy; 2026 ResidueGuard Ltd. All rights reserved.
========================================

========================================
TIMESTAMP: 2026-07-16 12:23:33
TO: user_ed18b4 <user_ed18b4@testfarm.com>
SUBJECT: [ResidueGuard] Daily Withdrawal & MRL Compliance Alert - 2026-07-16
SMTP SENT: False (Error: )
----------------------------------------
ResidueGuard Alerts
Daily Farm Compliance & Withdrawal Summary
Hello user_ed18b4,
Below is your scheduled daily status report for tenant account #8. Please ensure all animals listed under withdrawal do not enter the commercial food supply chain until their respective clearance dates.
🎉 All Compliant
No animals are currently treated, in withdrawal, or quarantined. All livestock are eligible for standard transport and sale.
This is an automated warning message from your ResidueGuard portal.
&copy; 2026 ResidueGuard Ltd. All rights reserved.
========================================

========================================
TIMESTAMP: 2026-07-16 12:23:33
TO: user_e5e88f <user_e5e88f@testfarm.com>
SUBJECT: [ResidueGuard] Daily Withdrawal & MRL Compliance Alert - 2026-07-16
SMTP SENT: False (Error: )
----------------------------------------
ResidueGuard Alerts
Daily Farm Compliance & Withdrawal Summary
Hello user_e5e88f,
Below is your scheduled daily status report for tenant account #9. Please ensure all animals listed under withdrawal do not enter the commercial food supply chain until their respective clearance dates.
🎉 All Compliant
No animals are currently treated, in withdrawal, or quarantined. All livestock are eligible for standard transport and sale.
This is an automated warning message from your ResidueGuard portal.
&copy; 2026 ResidueGuard Ltd. All rights reserved.
========================================

========================================
TIMESTAMP: 2026-07-16 12:23:33
TO: user_355de8 <user_355de8@testfarm.com>
SUBJECT: [ResidueGuard] Daily Withdrawal & MRL Compliance Alert - 2026-07-16
SMTP SENT: False (Error: )
----------------------------------------
ResidueGuard Alerts
Daily Farm Compliance & Withdrawal Summary
Hello user_355de8,
Below is your scheduled daily status report for tenant account #10. Please ensure all animals listed under withdrawal do not enter the commercial food supply chain until their respective clearance dates.
🎉 All Compliant
No animals are currently treated, in withdrawal, or quarantined. All livestock are eligible for standard transport and sale.
This is an automated warning message from your ResidueGuard portal.
&copy; 2026 ResidueGuard Ltd. All rights reserved.
========================================

========================================
TIMESTAMP: 2026-07-16 12:23:33
TO: user_725aea <user_725aea@testfarm.com>
SUBJECT: [ResidueGuard] Daily Withdrawal & MRL Compliance Alert - 2026-07-16
SMTP SENT: False (Error: )
----------------------------------------
ResidueGuard Alerts
Daily Farm Compliance & Withdrawal Summary
Hello user_725aea,
Below is your scheduled daily status report for tenant account #11. Please ensure all animals listed under withdrawal do not enter the commercial food supply chain until their respective clearance dates.
🎉 All Compliant
No animals are currently treated, in withdrawal, or quarantined. All livestock are eligible for standard transport and sale.
This is an automated warning message from your ResidueGuard portal.
&copy; 2026 ResidueGuard Ltd. All rights reserved.
========================================

========================================
TIMESTAMP: 2026-07-16 12:25:14
TO: user_ed18b4 <user_ed18b4@testfarm.com>
SUBJECT: [ResidueGuard] Daily Withdrawal & MRL Compliance Alert - 2026-07-16
SMTP SENT: False (Error: )
----------------------------------------
ResidueGuard Alerts
Daily Farm Compliance & Withdrawal Summary
Hello user_ed18b4,
Below is your scheduled daily status report for tenant account #8. Please ensure all animals listed under withdrawal do not enter the commercial food supply chain until their respective clearance dates.
🎉 All Compliant
No animals are currently treated, in withdrawal, or quarantined. All livestock are eligible for standard transport and sale.
This is an automated warning message from your ResidueGuard portal.
&copy; 2026 ResidueGuard Ltd. All rights reserved.
========================================

========================================
TIMESTAMP: 2026-07-16 12:25:14
TO: user_e5e88f <user_e5e88f@testfarm.com>
SUBJECT: [ResidueGuard] Daily Withdrawal & MRL Compliance Alert - 2026-07-16
SMTP SENT: False (Error: )
----------------------------------------
ResidueGuard Alerts
Daily Farm Compliance & Withdrawal Summary
Hello user_e5e88f,
Below is your scheduled daily status report for tenant account #9. Please ensure all animals listed under withdrawal do not enter the commercial food supply chain until their respective clearance dates.
🎉 All Compliant
No animals are currently treated, in withdrawal, or quarantined. All livestock are eligible for standard transport and sale.
This is an automated warning message from your ResidueGuard portal.
&copy; 2026 ResidueGuard Ltd. All rights reserved.
========================================

========================================
TIMESTAMP: 2026-07-16 12:25:14
TO: user_355de8 <user_355de8@testfarm.com>
SUBJECT: [ResidueGuard] Daily Withdrawal & MRL Compliance Alert - 2026-07-16
SMTP SENT: False (Error: )
----------------------------------------
ResidueGuard Alerts
Daily Farm Compliance & Withdrawal Summary
Hello user_355de8,
Below is your scheduled daily status report for tenant account #10. Please ensure all animals listed under withdrawal do not enter the commercial food supply chain until their respective clearance dates.
🎉 All Compliant
No animals are currently treated, in withdrawal, or quarantined. All livestock are eligible for standard transport and sale.
This is an automated warning message from your ResidueGuard portal.
&copy; 2026 ResidueGuard Ltd. All rights reserved.
========================================

========================================
TIMESTAMP: 2026-07-16 12:25:14
TO: user_725aea <user_725aea@testfarm.com>
SUBJECT: [ResidueGuard] Daily Withdrawal & MRL Compliance Alert - 2026-07-16
SMTP SENT: False (Error: )
----------------------------------------
ResidueGuard Alerts
Daily Farm Compliance & Withdrawal Summary
Hello user_725aea,
Below is your scheduled daily status report for tenant account #11. Please ensure all animals listed under withdrawal do not enter the commercial food supply chain until their respective clearance dates.
🎉 All Compliant
No animals are currently treated, in withdrawal, or quarantined. All livestock are eligible for standard transport and sale.
This is an automated warning message from your ResidueGuard portal.
&copy; 2026 ResidueGuard Ltd. All rights reserved.
========================================

========================================
TIMESTAMP: 2026-07-16 12:25:15
TO: user_ed18b4 <user_ed18b4@testfarm.com>
SUBJECT: [ResidueGuard] Daily Withdrawal & MRL Compliance Alert - 2026-07-16
SMTP SENT: False (Error: )
----------------------------------------
ResidueGuard Alerts
Daily Farm Compliance & Withdrawal Summary
Hello user_ed18b4,
Below is your scheduled daily status report for tenant account #8. Please ensure all animals listed under withdrawal do not enter the commercial food supply chain until their respective clearance dates.
🎉 All Compliant
No animals are currently treated, in withdrawal, or quarantined. All livestock are eligible for standard transport and sale.
This is an automated warning message from your ResidueGuard portal.
&copy; 2026 ResidueGuard Ltd. All rights reserved.
========================================

========================================
TIMESTAMP: 2026-07-16 12:25:15
TO: user_e5e88f <user_e5e88f@testfarm.com>
SUBJECT: [ResidueGuard] Daily Withdrawal & MRL Compliance Alert - 2026-07-16
SMTP SENT: False (Error: )
----------------------------------------
ResidueGuard Alerts
Daily Farm Compliance & Withdrawal Summary
Hello user_e5e88f,
Below is your scheduled daily status report for tenant account #9. Please ensure all animals listed under withdrawal do not enter the commercial food supply chain until their respective clearance dates.
🎉 All Compliant
No animals are currently treated, in withdrawal, or quarantined. All livestock are eligible for standard transport and sale.
This is an automated warning message from your ResidueGuard portal.
&copy; 2026 ResidueGuard Ltd. All rights reserved.
========================================

========================================
TIMESTAMP: 2026-07-16 12:25:15
TO: user_355de8 <user_355de8@testfarm.com>
SUBJECT: [ResidueGuard] Daily Withdrawal & MRL Compliance Alert - 2026-07-16
SMTP SENT: False (Error: )
----------------------------------------
ResidueGuard Alerts
Daily Farm Compliance & Withdrawal Summary
Hello user_355de8,
Below is your scheduled daily status report for tenant account #10. Please ensure all animals listed under withdrawal do not enter the commercial food supply chain until their respective clearance dates.
🎉 All Compliant
No animals are currently treated, in withdrawal, or quarantined. All livestock are eligible for standard transport and sale.
This is an automated warning message from your ResidueGuard portal.
&copy; 2026 ResidueGuard Ltd. All rights reserved.
========================================

========================================
TIMESTAMP: 2026-07-16 12:25:15
TO: user_725aea <user_725aea@testfarm.com>
SUBJECT: [ResidueGuard] Daily Withdrawal & MRL Compliance Alert - 2026-07-16
SMTP SENT: False (Error: )
----------------------------------------
ResidueGuard Alerts
Daily Farm Compliance & Withdrawal Summary
Hello user_725aea,
Below is your scheduled daily status report for tenant account #11. Please ensure all animals listed under withdrawal do not enter the commercial food supply chain until their respective clearance dates.
🎉 All Compliant
No animals are currently treated, in withdrawal, or quarantined. All livestock are eligible for standard transport and sale.
This is an automated warning message from your ResidueGuard portal.
&copy; 2026 ResidueGuard Ltd. All rights reserved.
========================================

========================================
TIMESTAMP: 2026-07-16 12:28:34
TO: user_ed18b4 <user_ed18b4@testfarm.com>
SUBJECT: [ResidueGuard] Daily Withdrawal & MRL Compliance Alert - 2026-07-16
SMTP SENT: False (Error: )
----------------------------------------
ResidueGuard Alerts
Daily Farm Compliance & Withdrawal Summary
Hello user_ed18b4,
Below is your scheduled daily status report for tenant account #8. Please ensure all animals listed under withdrawal do not enter the commercial food supply chain until their respective clearance dates.
🎉 All Compliant
No animals are currently treated, in withdrawal, or quarantined. All livestock are eligible for standard transport and sale.
This is an automated warning message from your ResidueGuard portal.
&copy; 2026 ResidueGuard Ltd. All rights reserved.
========================================

========================================
TIMESTAMP: 2026-07-16 12:28:34
TO: user_e5e88f <user_e5e88f@testfarm.com>
SUBJECT: [ResidueGuard] Daily Withdrawal & MRL Compliance Alert - 2026-07-16
SMTP SENT: False (Error: )
----------------------------------------
ResidueGuard Alerts
Daily Farm Compliance & Withdrawal Summary
Hello user_e5e88f,
Below is your scheduled daily status report for tenant account #9. Please ensure all animals listed under withdrawal do not enter the commercial food supply chain until their respective clearance dates.
🎉 All Compliant
No animals are currently treated, in withdrawal, or quarantined. All livestock are eligible for standard transport and sale.
This is an automated warning message from your ResidueGuard portal.
&copy; 2026 ResidueGuard Ltd. All rights reserved.
========================================

========================================
TIMESTAMP: 2026-07-16 12:28:34
TO: user_355de8 <user_355de8@testfarm.com>
SUBJECT: [ResidueGuard] Daily Withdrawal & MRL Compliance Alert - 2026-07-16
SMTP SENT: False (Error: )
----------------------------------------
ResidueGuard Alerts
Daily Farm Compliance & Withdrawal Summary
Hello user_355de8,
Below is your scheduled daily status report for tenant account #10. Please ensure all animals listed under withdrawal do not enter the commercial food supply chain until their respective clearance dates.
🎉 All Compliant
No animals are currently treated, in withdrawal, or quarantined. All livestock are eligible for standard transport and sale.
This is an automated warning message from your ResidueGuard portal.
&copy; 2026 ResidueGuard Ltd. All rights reserved.
========================================

========================================
TIMESTAMP: 2026-07-16 12:28:34
TO: user_725aea <user_725aea@testfarm.com>
SUBJECT: [ResidueGuard] Daily Withdrawal & MRL Compliance Alert - 2026-07-16
SMTP SENT: False (Error: )
----------------------------------------
ResidueGuard Alerts
Daily Farm Compliance & Withdrawal Summary
Hello user_725aea,
Below is your scheduled daily status report for tenant account #11. Please ensure all animals listed under withdrawal do not enter the commercial food supply chain until their respective clearance dates.
🎉 All Compliant
No animals are currently treated, in withdrawal, or quarantined. All livestock are eligible for standard transport and sale.
This is an automated warning message from your ResidueGuard portal.
&copy; 2026 ResidueGuard Ltd. All rights reserved.
========================================

========================================
TIMESTAMP: 2026-07-16 12:28:34
TO: user_81aec4 <user_81aec4@testfarm.com>
SUBJECT: [ResidueGuard] Daily Withdrawal & MRL Compliance Alert - 2026-07-16
SMTP SENT: False (Error: )
----------------------------------------
ResidueGuard Alerts
Daily Farm Compliance & Withdrawal Summary
Hello user_81aec4,
Below is your scheduled daily status report for tenant account #12. Please ensure all animals listed under withdrawal do not enter the commercial food supply chain until their respective clearance dates.
🎉 All Compliant
No animals are currently treated, in withdrawal, or quarantined. All livestock are eligible for standard transport and sale.
This is an automated warning message from your ResidueGuard portal.
&copy; 2026 ResidueGuard Ltd. All rights reserved.
========================================

========================================
TIMESTAMP: 2026-07-16 12:29:34
TO: user_ed18b4 <user_ed18b4@testfarm.com>
SUBJECT: [ResidueGuard] Daily Withdrawal & MRL Compliance Alert - 2026-07-16
SMTP SENT: False (Error: )
----------------------------------------
ResidueGuard Alerts
Daily Farm Compliance & Withdrawal Summary
Hello user_ed18b4,
Below is your scheduled daily status report for tenant account #8. Please ensure all animals listed under withdrawal do not enter the commercial food supply chain until their respective clearance dates.
🎉 All Compliant
No animals are currently treated, in withdrawal, or quarantined. All livestock are eligible for standard transport and sale.
This is an automated warning message from your ResidueGuard portal.
&copy; 2026 ResidueGuard Ltd. All rights reserved.
========================================

========================================
TIMESTAMP: 2026-07-16 12:29:34
TO: user_e5e88f <user_e5e88f@testfarm.com>
SUBJECT: [ResidueGuard] Daily Withdrawal & MRL Compliance Alert - 2026-07-16
SMTP SENT: False (Error: )
----------------------------------------
ResidueGuard Alerts
Daily Farm Compliance & Withdrawal Summary
Hello user_e5e88f,
Below is your scheduled daily status report for tenant account #9. Please ensure all animals listed under withdrawal do not enter the commercial food supply chain until their respective clearance dates.
🎉 All Compliant
No animals are currently treated, in withdrawal, or quarantined. All livestock are eligible for standard transport and sale.
This is an automated warning message from your ResidueGuard portal.
&copy; 2026 ResidueGuard Ltd. All rights reserved.
========================================

========================================
TIMESTAMP: 2026-07-16 12:29:34
TO: user_355de8 <user_355de8@testfarm.com>
SUBJECT: [ResidueGuard] Daily Withdrawal & MRL Compliance Alert - 2026-07-16
SMTP SENT: False (Error: )
----------------------------------------
ResidueGuard Alerts
Daily Farm Compliance & Withdrawal Summary
Hello user_355de8,
Below is your scheduled daily status report for tenant account #10. Please ensure all animals listed under withdrawal do not enter the commercial food supply chain until their respective clearance dates.
🎉 All Compliant
No animals are currently treated, in withdrawal, or quarantined. All livestock are eligible for standard transport and sale.
This is an automated warning message from your ResidueGuard portal.
&copy; 2026 ResidueGuard Ltd. All rights reserved.
========================================

========================================
TIMESTAMP: 2026-07-16 12:29:34
TO: user_725aea <user_725aea@testfarm.com>
SUBJECT: [ResidueGuard] Daily Withdrawal & MRL Compliance Alert - 2026-07-16
SMTP SENT: False (Error: )
----------------------------------------
ResidueGuard Alerts
Daily Farm Compliance & Withdrawal Summary
Hello user_725aea,
Below is your scheduled daily status report for tenant account #11. Please ensure all animals listed under withdrawal do not enter the commercial food supply chain until their respective clearance dates.
🎉 All Compliant
No animals are currently treated, in withdrawal, or quarantined. All livestock are eligible for standard transport and sale.
This is an automated warning message from your ResidueGuard portal.
&copy; 2026 ResidueGuard Ltd. All rights reserved.
========================================

========================================
TIMESTAMP: 2026-07-16 12:29:34
TO: user_81aec4 <user_81aec4@testfarm.com>
SUBJECT: [ResidueGuard] Daily Withdrawal & MRL Compliance Alert - 2026-07-16
SMTP SENT: False (Error: )
----------------------------------------
ResidueGuard Alerts
Daily Farm Compliance & Withdrawal Summary
Hello user_81aec4,
Below is your scheduled daily status report for tenant account #12. Please ensure all animals listed under withdrawal do not enter the commercial food supply chain until their respective clearance dates.
🎉 All Compliant
No animals are currently treated, in withdrawal, or quarantined. All livestock are eligible for standard transport and sale.
This is an automated warning message from your ResidueGuard portal.
&copy; 2026 ResidueGuard Ltd. All rights reserved.
========================================

========================================
TIMESTAMP: 2026-07-16 12:29:35
TO: user_ed18b4 <user_ed18b4@testfarm.com>
SUBJECT: [ResidueGuard] Daily Withdrawal & MRL Compliance Alert - 2026-07-16
SMTP SENT: False (Error: )
----------------------------------------
ResidueGuard Alerts
Daily Farm Compliance & Withdrawal Summary
Hello user_ed18b4,
Below is your scheduled daily status report for tenant account #8. Please ensure all animals listed under withdrawal do not enter the commercial food supply chain until their respective clearance dates.
🎉 All Compliant
No animals are currently treated, in withdrawal, or quarantined. All livestock are eligible for standard transport and sale.
This is an automated warning message from your ResidueGuard portal.
&copy; 2026 ResidueGuard Ltd. All rights reserved.
========================================

========================================
TIMESTAMP: 2026-07-16 12:29:35
TO: user_e5e88f <user_e5e88f@testfarm.com>
SUBJECT: [ResidueGuard] Daily Withdrawal & MRL Compliance Alert - 2026-07-16
SMTP SENT: False (Error: )
----------------------------------------
ResidueGuard Alerts
Daily Farm Compliance & Withdrawal Summary
Hello user_e5e88f,
Below is your scheduled daily status report for tenant account #9. Please ensure all animals listed under withdrawal do not enter the commercial food supply chain until their respective clearance dates.
🎉 All Compliant
No animals are currently treated, in withdrawal, or quarantined. All livestock are eligible for standard transport and sale.
This is an automated warning message from your ResidueGuard portal.
&copy; 2026 ResidueGuard Ltd. All rights reserved.
========================================

========================================
TIMESTAMP: 2026-07-16 12:29:35
TO: user_355de8 <user_355de8@testfarm.com>
SUBJECT: [ResidueGuard] Daily Withdrawal & MRL Compliance Alert - 2026-07-16
SMTP SENT: False (Error: )
----------------------------------------
ResidueGuard Alerts
Daily Farm Compliance & Withdrawal Summary
Hello user_355de8,
Below is your scheduled daily status report for tenant account #10. Please ensure all animals listed under withdrawal do not enter the commercial food supply chain until their respective clearance dates.
🎉 All Compliant
No animals are currently treated, in withdrawal, or quarantined. All livestock are eligible for standard transport and sale.
This is an automated warning message from your ResidueGuard portal.
&copy; 2026 ResidueGuard Ltd. All rights reserved.
========================================

========================================
TIMESTAMP: 2026-07-16 12:29:35
TO: user_725aea <user_725aea@testfarm.com>
SUBJECT: [ResidueGuard] Daily Withdrawal & MRL Compliance Alert - 2026-07-16
SMTP SENT: False (Error: )
----------------------------------------
ResidueGuard Alerts
Daily Farm Compliance & Withdrawal Summary
Hello user_725aea,
Below is your scheduled daily status report for tenant account #11. Please ensure all animals listed under withdrawal do not enter the commercial food supply chain until their respective clearance dates.
🎉 All Compliant
No animals are currently treated, in withdrawal, or quarantined. All livestock are eligible for standard transport and sale.
This is an automated warning message from your ResidueGuard portal.
&copy; 2026 ResidueGuard Ltd. All rights reserved.
========================================

========================================
TIMESTAMP: 2026-07-16 12:29:35
TO: user_81aec4 <user_81aec4@testfarm.com>
SUBJECT: [ResidueGuard] Daily Withdrawal & MRL Compliance Alert - 2026-07-16
SMTP SENT: False (Error: )
----------------------------------------
ResidueGuard Alerts
Daily Farm Compliance & Withdrawal Summary
Hello user_81aec4,
Below is your scheduled daily status report for tenant account #12. Please ensure all animals listed under withdrawal do not enter the commercial food supply chain until their respective clearance dates.
🎉 All Compliant
No animals are currently treated, in withdrawal, or quarantined. All livestock are eligible for standard transport and sale.
This is an automated warning message from your ResidueGuard portal.
&copy; 2026 ResidueGuard Ltd. All rights reserved.
========================================

========================================
TIMESTAMP: 2026-07-16 12:32:59
TO: user_ed18b4 <user_ed18b4@testfarm.com>
SUBJECT: [ResidueGuard] Daily Withdrawal & MRL Compliance Alert - 2026-07-16
SMTP SENT: False (Error: )
----------------------------------------
ResidueGuard Alerts
Daily Farm Compliance & Withdrawal Summary
Hello user_ed18b4,
Below is your scheduled daily status report for tenant account #8. Please ensure all animals listed under withdrawal do not enter the commercial food supply chain until their respective clearance dates.
🎉 All Compliant
No animals are currently treated, in withdrawal, or quarantined. All livestock are eligible for standard transport and sale.
This is an automated warning message from your ResidueGuard portal.
&copy; 2026 ResidueGuard Ltd. All rights reserved.
========================================

========================================
TIMESTAMP: 2026-07-16 12:32:59
TO: user_e5e88f <user_e5e88f@testfarm.com>
SUBJECT: [ResidueGuard] Daily Withdrawal & MRL Compliance Alert - 2026-07-16
SMTP SENT: False (Error: )
----------------------------------------
ResidueGuard Alerts
Daily Farm Compliance & Withdrawal Summary
Hello user_e5e88f,
Below is your scheduled daily status report for tenant account #9. Please ensure all animals listed under withdrawal do not enter the commercial food supply chain until their respective clearance dates.
🎉 All Compliant
No animals are currently treated, in withdrawal, or quarantined. All livestock are eligible for standard transport and sale.
This is an automated warning message from your ResidueGuard portal.
&copy; 2026 ResidueGuard Ltd. All rights reserved.
========================================

========================================
TIMESTAMP: 2026-07-16 12:32:59
TO: user_355de8 <user_355de8@testfarm.com>
SUBJECT: [ResidueGuard] Daily Withdrawal & MRL Compliance Alert - 2026-07-16
SMTP SENT: False (Error: )
----------------------------------------
ResidueGuard Alerts
Daily Farm Compliance & Withdrawal Summary
Hello user_355de8,
Below is your scheduled daily status report for tenant account #10. Please ensure all animals listed under withdrawal do not enter the commercial food supply chain until their respective clearance dates.
🎉 All Compliant
No animals are currently treated, in withdrawal, or quarantined. All livestock are eligible for standard transport and sale.
This is an automated warning message from your ResidueGuard portal.
&copy; 2026 ResidueGuard Ltd. All rights reserved.
========================================

========================================
TIMESTAMP: 2026-07-16 12:32:59
TO: user_725aea <user_725aea@testfarm.com>
SUBJECT: [ResidueGuard] Daily Withdrawal & MRL Compliance Alert - 2026-07-16
SMTP SENT: False (Error: )
----------------------------------------
ResidueGuard Alerts
Daily Farm Compliance & Withdrawal Summary
Hello user_725aea,
Below is your scheduled daily status report for tenant account #11. Please ensure all animals listed under withdrawal do not enter the commercial food supply chain until their respective clearance dates.
🎉 All Compliant
No animals are currently treated, in withdrawal, or quarantined. All livestock are eligible for standard transport and sale.
This is an automated warning message from your ResidueGuard portal.
&copy; 2026 ResidueGuard Ltd. All rights reserved.
========================================

========================================
TIMESTAMP: 2026-07-16 12:32:59
TO: user_81aec4 <user_81aec4@testfarm.com>
SUBJECT: [ResidueGuard] Daily Withdrawal & MRL Compliance Alert - 2026-07-16
SMTP SENT: False (Error: )
----------------------------------------
ResidueGuard Alerts
Daily Farm Compliance & Withdrawal Summary
Hello user_81aec4,
Below is your scheduled daily status report for tenant account #12. Please ensure all animals listed under withdrawal do not enter the commercial food supply chain until their respective clearance dates.
🎉 All Compliant
No animals are currently treated, in withdrawal, or quarantined. All livestock are eligible for standard transport and sale.
This is an automated warning message from your ResidueGuard portal.
&copy; 2026 ResidueGuard Ltd. All rights reserved.
========================================

========================================
TIMESTAMP: 2026-07-16 12:32:59
TO: user_c40599 <user_c40599@testfarm.com>
SUBJECT: [ResidueGuard] Daily Withdrawal & MRL Compliance Alert - 2026-07-16
SMTP SENT: False (Error: )
----------------------------------------
ResidueGuard Alerts
Daily Farm Compliance & Withdrawal Summary
Hello user_c40599,
Below is your scheduled daily status report for tenant account #13. Please ensure all animals listed under withdrawal do not enter the commercial food supply chain until their respective clearance dates.
🎉 All Compliant
No animals are currently treated, in withdrawal, or quarantined. All livestock are eligible for standard transport and sale.
This is an automated warning message from your ResidueGuard portal.
&copy; 2026 ResidueGuard Ltd. All rights reserved.
========================================

========================================
TIMESTAMP: 2026-07-16 12:34:07
TO: user_ed18b4 <user_ed18b4@testfarm.com>
SUBJECT: [ResidueGuard] Daily Withdrawal & MRL Compliance Alert - 2026-07-16
SMTP SENT: False (Error: )
----------------------------------------
ResidueGuard Alerts
Daily Farm Compliance & Withdrawal Summary
Hello user_ed18b4,
Below is your scheduled daily status report for tenant account #8. Please ensure all animals listed under withdrawal do not enter the commercial food supply chain until their respective clearance dates.
🎉 All Compliant
No animals are currently treated, in withdrawal, or quarantined. All livestock are eligible for standard transport and sale.
This is an automated warning message from your ResidueGuard portal.
&copy; 2026 ResidueGuard Ltd. All rights reserved.
========================================

========================================
TIMESTAMP: 2026-07-16 12:34:07
TO: user_e5e88f <user_e5e88f@testfarm.com>
SUBJECT: [ResidueGuard] Daily Withdrawal & MRL Compliance Alert - 2026-07-16
SMTP SENT: False (Error: )
----------------------------------------
ResidueGuard Alerts
Daily Farm Compliance & Withdrawal Summary
Hello user_e5e88f,
Below is your scheduled daily status report for tenant account #9. Please ensure all animals listed under withdrawal do not enter the commercial food supply chain until their respective clearance dates.
🎉 All Compliant
No animals are currently treated, in withdrawal, or quarantined. All livestock are eligible for standard transport and sale.
This is an automated warning message from your ResidueGuard portal.
&copy; 2026 ResidueGuard Ltd. All rights reserved.
========================================

========================================
TIMESTAMP: 2026-07-16 12:34:07
TO: user_355de8 <user_355de8@testfarm.com>
SUBJECT: [ResidueGuard] Daily Withdrawal & MRL Compliance Alert - 2026-07-16
SMTP SENT: False (Error: )
----------------------------------------
ResidueGuard Alerts
Daily Farm Compliance & Withdrawal Summary
Hello user_355de8,
Below is your scheduled daily status report for tenant account #10. Please ensure all animals listed under withdrawal do not enter the commercial food supply chain until their respective clearance dates.
🎉 All Compliant
No animals are currently treated, in withdrawal, or quarantined. All livestock are eligible for standard transport and sale.
This is an automated warning message from your ResidueGuard portal.
&copy; 2026 ResidueGuard Ltd. All rights reserved.
========================================

========================================
TIMESTAMP: 2026-07-16 12:34:07
TO: user_725aea <user_725aea@testfarm.com>
SUBJECT: [ResidueGuard] Daily Withdrawal & MRL Compliance Alert - 2026-07-16
SMTP SENT: False (Error: )
----------------------------------------
ResidueGuard Alerts
Daily Farm Compliance & Withdrawal Summary
Hello user_725aea,
Below is your scheduled daily status report for tenant account #11. Please ensure all animals listed under withdrawal do not enter the commercial food supply chain until their respective clearance dates.
🎉 All Compliant
No animals are currently treated, in withdrawal, or quarantined. All livestock are eligible for standard transport and sale.
This is an automated warning message from your ResidueGuard portal.
&copy; 2026 ResidueGuard Ltd. All rights reserved.
========================================

========================================
TIMESTAMP: 2026-07-16 12:34:07
TO: user_81aec4 <user_81aec4@testfarm.com>
SUBJECT: [ResidueGuard] Daily Withdrawal & MRL Compliance Alert - 2026-07-16
SMTP SENT: False (Error: )
----------------------------------------
ResidueGuard Alerts
Daily Farm Compliance & Withdrawal Summary
Hello user_81aec4,
Below is your scheduled daily status report for tenant account #12. Please ensure all animals listed under withdrawal do not enter the commercial food supply chain until their respective clearance dates.
🎉 All Compliant
No animals are currently treated, in withdrawal, or quarantined. All livestock are eligible for standard transport and sale.
This is an automated warning message from your ResidueGuard portal.
&copy; 2026 ResidueGuard Ltd. All rights reserved.
========================================

========================================
TIMESTAMP: 2026-07-16 12:34:07
TO: user_c40599 <user_c40599@testfarm.com>
SUBJECT: [ResidueGuard] Daily Withdrawal & MRL Compliance Alert - 2026-07-16
SMTP SENT: False (Error: )
----------------------------------------
ResidueGuard Alerts
Daily Farm Compliance & Withdrawal Summary
Hello user_c40599,
Below is your scheduled daily status report for tenant account #13. Please ensure all animals listed under withdrawal do not enter the commercial food supply chain until their respective clearance dates.
🎉 All Compliant
No animals are currently treated, in withdrawal, or quarantined. All livestock are eligible for standard transport and sale.
This is an automated warning message from your ResidueGuard portal.
&copy; 2026 ResidueGuard Ltd. All rights reserved.
========================================

========================================
TIMESTAMP: 2026-07-16 12:34:08
TO: user_ed18b4 <user_ed18b4@testfarm.com>
SUBJECT: [ResidueGuard] Daily Withdrawal & MRL Compliance Alert - 2026-07-16
SMTP SENT: False (Error: )
----------------------------------------
ResidueGuard Alerts
Daily Farm Compliance & Withdrawal Summary
Hello user_ed18b4,
Below is your scheduled daily status report for tenant account #8. Please ensure all animals listed under withdrawal do not enter the commercial food supply chain until their respective clearance dates.
🎉 All Compliant
No animals are currently treated, in withdrawal, or quarantined. All livestock are eligible for standard transport and sale.
This is an automated warning message from your ResidueGuard portal.
&copy; 2026 ResidueGuard Ltd. All rights reserved.
========================================

========================================
TIMESTAMP: 2026-07-16 12:34:08
TO: user_e5e88f <user_e5e88f@testfarm.com>
SUBJECT: [ResidueGuard] Daily Withdrawal & MRL Compliance Alert - 2026-07-16
SMTP SENT: False (Error: )
----------------------------------------
ResidueGuard Alerts
Daily Farm Compliance & Withdrawal Summary
Hello user_e5e88f,
Below is your scheduled daily status report for tenant account #9. Please ensure all animals listed under withdrawal do not enter the commercial food supply chain until their respective clearance dates.
🎉 All Compliant
No animals are currently treated, in withdrawal, or quarantined. All livestock are eligible for standard transport and sale.
This is an automated warning message from your ResidueGuard portal.
&copy; 2026 ResidueGuard Ltd. All rights reserved.
========================================

========================================
TIMESTAMP: 2026-07-16 12:34:08
TO: user_355de8 <user_355de8@testfarm.com>
SUBJECT: [ResidueGuard] Daily Withdrawal & MRL Compliance Alert - 2026-07-16
SMTP SENT: False (Error: )
----------------------------------------
ResidueGuard Alerts
Daily Farm Compliance & Withdrawal Summary
Hello user_355de8,
Below is your scheduled daily status report for tenant account #10. Please ensure all animals listed under withdrawal do not enter the commercial food supply chain until their respective clearance dates.
🎉 All Compliant
No animals are currently treated, in withdrawal, or quarantined. All livestock are eligible for standard transport and sale.
This is an automated warning message from your ResidueGuard portal.
&copy; 2026 ResidueGuard Ltd. All rights reserved.
========================================

========================================
TIMESTAMP: 2026-07-16 12:34:08
TO: user_725aea <user_725aea@testfarm.com>
SUBJECT: [ResidueGuard] Daily Withdrawal & MRL Compliance Alert - 2026-07-16
SMTP SENT: False (Error: )
----------------------------------------
ResidueGuard Alerts
Daily Farm Compliance & Withdrawal Summary
Hello user_725aea,
Below is your scheduled daily status report for tenant account #11. Please ensure all animals listed under withdrawal do not enter the commercial food supply chain until their respective clearance dates.
🎉 All Compliant
No animals are currently treated, in withdrawal, or quarantined. All livestock are eligible for standard transport and sale.
This is an automated warning message from your ResidueGuard portal.
&copy; 2026 ResidueGuard Ltd. All rights reserved.
========================================

========================================
TIMESTAMP: 2026-07-16 12:34:08
TO: user_81aec4 <user_81aec4@testfarm.com>
SUBJECT: [ResidueGuard] Daily Withdrawal & MRL Compliance Alert - 2026-07-16
SMTP SENT: False (Error: )
----------------------------------------
ResidueGuard Alerts
Daily Farm Compliance & Withdrawal Summary
Hello user_81aec4,
Below is your scheduled daily status report for tenant account #12. Please ensure all animals listed under withdrawal do not enter the commercial food supply chain until their respective clearance dates.
🎉 All Compliant
No animals are currently treated, in withdrawal, or quarantined. All livestock are eligible for standard transport and sale.
This is an automated warning message from your ResidueGuard portal.
&copy; 2026 ResidueGuard Ltd. All rights reserved.
========================================

========================================
TIMESTAMP: 2026-07-16 12:34:08
TO: user_c40599 <user_c40599@testfarm.com>
SUBJECT: [ResidueGuard] Daily Withdrawal & MRL Compliance Alert - 2026-07-16
SMTP SENT: False (Error: )
----------------------------------------
ResidueGuard Alerts
Daily Farm Compliance & Withdrawal Summary
Hello user_c40599,
Below is your scheduled daily status report for tenant account #13. Please ensure all animals listed under withdrawal do not enter the commercial food supply chain until their respective clearance dates.
🎉 All Compliant
No animals are currently treated, in withdrawal, or quarantined. All livestock are eligible for standard transport and sale.
This is an automated warning message from your ResidueGuard portal.
&copy; 2026 ResidueGuard Ltd. All rights reserved.
========================================

========================================
TIMESTAMP: 2026-07-16 12:38:56
TO: user_ed18b4 <user_ed18b4@testfarm.com>
SUBJECT: [ResidueGuard] Daily Withdrawal & MRL Compliance Alert - 2026-07-16
SMTP SENT: False (Error: )
----------------------------------------
ResidueGuard Alerts
Daily Farm Compliance & Withdrawal Summary
Hello user_ed18b4,
Below is your scheduled daily status report for tenant account #8. Please ensure all animals listed under withdrawal do not enter the commercial food supply chain until their respective clearance dates.
🎉 All Compliant
No animals are currently treated, in withdrawal, or quarantined. All livestock are eligible for standard transport and sale.
This is an automated warning message from your ResidueGuard portal.
&copy; 2026 ResidueGuard Ltd. All rights reserved.
========================================

========================================
TIMESTAMP: 2026-07-16 12:38:56
TO: user_e5e88f <user_e5e88f@testfarm.com>
SUBJECT: [ResidueGuard] Daily Withdrawal & MRL Compliance Alert - 2026-07-16
SMTP SENT: False (Error: )
----------------------------------------
ResidueGuard Alerts
Daily Farm Compliance & Withdrawal Summary
Hello user_e5e88f,
Below is your scheduled daily status report for tenant account #9. Please ensure all animals listed under withdrawal do not enter the commercial food supply chain until their respective clearance dates.
🎉 All Compliant
No animals are currently treated, in withdrawal, or quarantined. All livestock are eligible for standard transport and sale.
This is an automated warning message from your ResidueGuard portal.
&copy; 2026 ResidueGuard Ltd. All rights reserved.
========================================

========================================
TIMESTAMP: 2026-07-16 12:38:56
TO: user_355de8 <user_355de8@testfarm.com>
SUBJECT: [ResidueGuard] Daily Withdrawal & MRL Compliance Alert - 2026-07-16
SMTP SENT: False (Error: )
----------------------------------------
ResidueGuard Alerts
Daily Farm Compliance & Withdrawal Summary
Hello user_355de8,
Below is your scheduled daily status report for tenant account #10. Please ensure all animals listed under withdrawal do not enter the commercial food supply chain until their respective clearance dates.
🎉 All Compliant
No animals are currently treated, in withdrawal, or quarantined. All livestock are eligible for standard transport and sale.
This is an automated warning message from your ResidueGuard portal.
&copy; 2026 ResidueGuard Ltd. All rights reserved.
========================================

========================================
TIMESTAMP: 2026-07-16 12:38:56
TO: user_725aea <user_725aea@testfarm.com>
SUBJECT: [ResidueGuard] Daily Withdrawal & MRL Compliance Alert - 2026-07-16
SMTP SENT: False (Error: )
----------------------------------------
ResidueGuard Alerts
Daily Farm Compliance & Withdrawal Summary
Hello user_725aea,
Below is your scheduled daily status report for tenant account #11. Please ensure all animals listed under withdrawal do not enter the commercial food supply chain until their respective clearance dates.
🎉 All Compliant
No animals are currently treated, in withdrawal, or quarantined. All livestock are eligible for standard transport and sale.
This is an automated warning message from your ResidueGuard portal.
&copy; 2026 ResidueGuard Ltd. All rights reserved.
========================================

========================================
TIMESTAMP: 2026-07-16 12:38:56
TO: user_81aec4 <user_81aec4@testfarm.com>
SUBJECT: [ResidueGuard] Daily Withdrawal & MRL Compliance Alert - 2026-07-16
SMTP SENT: False (Error: )
----------------------------------------
ResidueGuard Alerts
Daily Farm Compliance & Withdrawal Summary
Hello user_81aec4,
Below is your scheduled daily status report for tenant account #12. Please ensure all animals listed under withdrawal do not enter the commercial food supply chain until their respective clearance dates.
🎉 All Compliant
No animals are currently treated, in withdrawal, or quarantined. All livestock are eligible for standard transport and sale.
This is an automated warning message from your ResidueGuard portal.
&copy; 2026 ResidueGuard Ltd. All rights reserved.
========================================

========================================
TIMESTAMP: 2026-07-16 12:38:56
TO: user_c40599 <user_c40599@testfarm.com>
SUBJECT: [ResidueGuard] Daily Withdrawal & MRL Compliance Alert - 2026-07-16
SMTP SENT: False (Error: )
----------------------------------------
ResidueGuard Alerts
Daily Farm Compliance & Withdrawal Summary
Hello user_c40599,
Below is your scheduled daily status report for tenant account #13. Please ensure all animals listed under withdrawal do not enter the commercial food supply chain until their respective clearance dates.
🎉 All Compliant
No animals are currently treated, in withdrawal, or quarantined. All livestock are eligible for standard transport and sale.
This is an automated warning message from your ResidueGuard portal.
&copy; 2026 ResidueGuard Ltd. All rights reserved.
========================================

========================================
TIMESTAMP: 2026-07-16 12:38:56
TO: user_bbcda7 <user_bbcda7@testfarm.com>
SUBJECT: [ResidueGuard] Daily Withdrawal & MRL Compliance Alert - 2026-07-16
SMTP SENT: False (Error: )
----------------------------------------
ResidueGuard Alerts
Daily Farm Compliance & Withdrawal Summary
Hello user_bbcda7,
Below is your scheduled daily status report for tenant account #14. Please ensure all animals listed under withdrawal do not enter the commercial food supply chain until their respective clearance dates.
🎉 All Compliant
No animals are currently treated, in withdrawal, or quarantined. All livestock are eligible for standard transport and sale.
This is an automated warning message from your ResidueGuard portal.
&copy; 2026 ResidueGuard Ltd. All rights reserved.
========================================

========================================
TIMESTAMP: 2026-07-16 12:59:53
TO: user_ed18b4 <user_ed18b4@testfarm.com>
SUBJECT: [ResidueGuard] Daily Withdrawal & MRL Compliance Alert - 2026-07-16
SMTP SENT: False (Error: )
----------------------------------------
ResidueGuard Alerts
Daily Farm Compliance & Withdrawal Summary
Hello user_ed18b4,
Below is your scheduled daily status report for tenant account #8. Please ensure all animals listed under withdrawal do not enter the commercial food supply chain until their respective clearance dates.
🎉 All Compliant
No animals are currently treated, in withdrawal, or quarantined. All livestock are eligible for standard transport and sale.
This is an automated warning message from your ResidueGuard portal.
&copy; 2026 ResidueGuard Ltd. All rights reserved.
========================================

========================================
TIMESTAMP: 2026-07-16 12:59:53
TO: user_e5e88f <user_e5e88f@testfarm.com>
SUBJECT: [ResidueGuard] Daily Withdrawal & MRL Compliance Alert - 2026-07-16
SMTP SENT: False (Error: )
----------------------------------------
ResidueGuard Alerts
Daily Farm Compliance & Withdrawal Summary
Hello user_e5e88f,
Below is your scheduled daily status report for tenant account #9. Please ensure all animals listed under withdrawal do not enter the commercial food supply chain until their respective clearance dates.
🎉 All Compliant
No animals are currently treated, in withdrawal, or quarantined. All livestock are eligible for standard transport and sale.
This is an automated warning message from your ResidueGuard portal.
&copy; 2026 ResidueGuard Ltd. All rights reserved.
========================================

========================================
TIMESTAMP: 2026-07-16 12:59:53
TO: user_355de8 <user_355de8@testfarm.com>
SUBJECT: [ResidueGuard] Daily Withdrawal & MRL Compliance Alert - 2026-07-16
SMTP SENT: False (Error: )
----------------------------------------
ResidueGuard Alerts
Daily Farm Compliance & Withdrawal Summary
Hello user_355de8,
Below is your scheduled daily status report for tenant account #10. Please ensure all animals listed under withdrawal do not enter the commercial food supply chain until their respective clearance dates.
🎉 All Compliant
No animals are currently treated, in withdrawal, or quarantined. All livestock are eligible for standard transport and sale.
This is an automated warning message from your ResidueGuard portal.
&copy; 2026 ResidueGuard Ltd. All rights reserved.
========================================

========================================
TIMESTAMP: 2026-07-16 12:59:53
TO: user_725aea <user_725aea@testfarm.com>
SUBJECT: [ResidueGuard] Daily Withdrawal & MRL Compliance Alert - 2026-07-16
SMTP SENT: False (Error: )
----------------------------------------
ResidueGuard Alerts
Daily Farm Compliance & Withdrawal Summary
Hello user_725aea,
Below is your scheduled daily status report for tenant account #11. Please ensure all animals listed under withdrawal do not enter the commercial food supply chain until their respective clearance dates.
🎉 All Compliant
No animals are currently treated, in withdrawal, or quarantined. All livestock are eligible for standard transport and sale.
This is an automated warning message from your ResidueGuard portal.
&copy; 2026 ResidueGuard Ltd. All rights reserved.
========================================

========================================
TIMESTAMP: 2026-07-16 12:59:53
TO: user_81aec4 <user_81aec4@testfarm.com>
SUBJECT: [ResidueGuard] Daily Withdrawal & MRL Compliance Alert - 2026-07-16
SMTP SENT: False (Error: )
----------------------------------------
ResidueGuard Alerts
Daily Farm Compliance & Withdrawal Summary
Hello user_81aec4,
Below is your scheduled daily status report for tenant account #12. Please ensure all animals listed under withdrawal do not enter the commercial food supply chain until their respective clearance dates.
🎉 All Compliant
No animals are currently treated, in withdrawal, or quarantined. All livestock are eligible for standard transport and sale.
This is an automated warning message from your ResidueGuard portal.
&copy; 2026 ResidueGuard Ltd. All rights reserved.
========================================

========================================
TIMESTAMP: 2026-07-16 12:59:53
TO: user_c40599 <user_c40599@testfarm.com>
SUBJECT: [ResidueGuard] Daily Withdrawal & MRL Compliance Alert - 2026-07-16
SMTP SENT: False (Error: )
----------------------------------------
ResidueGuard Alerts
Daily Farm Compliance & Withdrawal Summary
Hello user_c40599,
Below is your scheduled daily status report for tenant account #13. Please ensure all animals listed under withdrawal do not enter the commercial food supply chain until their respective clearance dates.
🎉 All Compliant
No animals are currently treated, in withdrawal, or quarantined. All livestock are eligible for standard transport and sale.
This is an automated warning message from your ResidueGuard portal.
&copy; 2026 ResidueGuard Ltd. All rights reserved.
========================================

========================================
TIMESTAMP: 2026-07-16 12:59:53
TO: user_bbcda7 <user_bbcda7@testfarm.com>
SUBJECT: [ResidueGuard] Daily Withdrawal & MRL Compliance Alert - 2026-07-16
SMTP SENT: False (Error: )
----------------------------------------
ResidueGuard Alerts
Daily Farm Compliance & Withdrawal Summary
Hello user_bbcda7,
Below is your scheduled daily status report for tenant account #14. Please ensure all animals listed under withdrawal do not enter the commercial food supply chain until their respective clearance dates.
🎉 All Compliant
No animals are currently treated, in withdrawal, or quarantined. All livestock are eligible for standard transport and sale.
This is an automated warning message from your ResidueGuard portal.
&copy; 2026 ResidueGuard Ltd. All rights reserved.
========================================

========================================
TIMESTAMP: 2026-07-16 12:59:53
TO: user_ed18b4 <user_ed18b4@testfarm.com>
SUBJECT: [ResidueGuard] Daily Withdrawal & MRL Compliance Alert - 2026-07-16
SMTP SENT: False (Error: )
----------------------------------------
ResidueGuard Alerts
Daily Farm Compliance & Withdrawal Summary
Hello user_ed18b4,
Below is your scheduled daily status report for tenant account #8. Please ensure all animals listed under withdrawal do not enter the commercial food supply chain until their respective clearance dates.
🎉 All Compliant
No animals are currently treated, in withdrawal, or quarantined. All livestock are eligible for standard transport and sale.
This is an automated warning message from your ResidueGuard portal.
&copy; 2026 ResidueGuard Ltd. All rights reserved.
========================================

========================================
TIMESTAMP: 2026-07-16 12:59:53
TO: user_e5e88f <user_e5e88f@testfarm.com>
SUBJECT: [ResidueGuard] Daily Withdrawal & MRL Compliance Alert - 2026-07-16
SMTP SENT: False (Error: )
----------------------------------------
ResidueGuard Alerts
Daily Farm Compliance & Withdrawal Summary
Hello user_e5e88f,
Below is your scheduled daily status report for tenant account #9. Please ensure all animals listed under withdrawal do not enter the commercial food supply chain until their respective clearance dates.
🎉 All Compliant
No animals are currently treated, in withdrawal, or quarantined. All livestock are eligible for standard transport and sale.
This is an automated warning message from your ResidueGuard portal.
&copy; 2026 ResidueGuard Ltd. All rights reserved.
========================================

========================================
TIMESTAMP: 2026-07-16 12:59:53
TO: user_355de8 <user_355de8@testfarm.com>
SUBJECT: [ResidueGuard] Daily Withdrawal & MRL Compliance Alert - 2026-07-16
SMTP SENT: False (Error: )
----------------------------------------
ResidueGuard Alerts
Daily Farm Compliance & Withdrawal Summary
Hello user_355de8,
Below is your scheduled daily status report for tenant account #10. Please ensure all animals listed under withdrawal do not enter the commercial food supply chain until their respective clearance dates.
🎉 All Compliant
No animals are currently treated, in withdrawal, or quarantined. All livestock are eligible for standard transport and sale.
This is an automated warning message from your ResidueGuard portal.
&copy; 2026 ResidueGuard Ltd. All rights reserved.
========================================

========================================
TIMESTAMP: 2026-07-16 12:59:53
TO: user_725aea <user_725aea@testfarm.com>
SUBJECT: [ResidueGuard] Daily Withdrawal & MRL Compliance Alert - 2026-07-16
SMTP SENT: False (Error: )
----------------------------------------
ResidueGuard Alerts
Daily Farm Compliance & Withdrawal Summary
Hello user_725aea,
Below is your scheduled daily status report for tenant account #11. Please ensure all animals listed under withdrawal do not enter the commercial food supply chain until their respective clearance dates.
🎉 All Compliant
No animals are currently treated, in withdrawal, or quarantined. All livestock are eligible for standard transport and sale.
This is an automated warning message from your ResidueGuard portal.
&copy; 2026 ResidueGuard Ltd. All rights reserved.
========================================

========================================
TIMESTAMP: 2026-07-16 12:59:53
TO: user_81aec4 <user_81aec4@testfarm.com>
SUBJECT: [ResidueGuard] Daily Withdrawal & MRL Compliance Alert - 2026-07-16
SMTP SENT: False (Error: )
----------------------------------------
ResidueGuard Alerts
Daily Farm Compliance & Withdrawal Summary
Hello user_81aec4,
Below is your scheduled daily status report for tenant account #12. Please ensure all animals listed under withdrawal do not enter the commercial food supply chain until their respective clearance dates.
🎉 All Compliant
No animals are currently treated, in withdrawal, or quarantined. All livestock are eligible for standard transport and sale.
This is an automated warning message from your ResidueGuard portal.
&copy; 2026 ResidueGuard Ltd. All rights reserved.
========================================

========================================
TIMESTAMP: 2026-07-16 12:59:53
TO: user_c40599 <user_c40599@testfarm.com>
SUBJECT: [ResidueGuard] Daily Withdrawal & MRL Compliance Alert - 2026-07-16
SMTP SENT: False (Error: )
----------------------------------------
ResidueGuard Alerts
Daily Farm Compliance & Withdrawal Summary
Hello user_c40599,
Below is your scheduled daily status report for tenant account #13. Please ensure all animals listed under withdrawal do not enter the commercial food supply chain until their respective clearance dates.
🎉 All Compliant
No animals are currently treated, in withdrawal, or quarantined. All livestock are eligible for standard transport and sale.
This is an automated warning message from your ResidueGuard portal.
&copy; 2026 ResidueGuard Ltd. All rights reserved.
========================================

========================================
TIMESTAMP: 2026-07-16 12:59:53
TO: user_bbcda7 <user_bbcda7@testfarm.com>
SUBJECT: [ResidueGuard] Daily Withdrawal & MRL Compliance Alert - 2026-07-16
SMTP SENT: False (Error: )
----------------------------------------
ResidueGuard Alerts
Daily Farm Compliance & Withdrawal Summary
Hello user_bbcda7,
Below is your scheduled daily status report for tenant account #14. Please ensure all animals listed under withdrawal do not enter the commercial food supply chain until their respective clearance dates.
🎉 All Compliant
No animals are currently treated, in withdrawal, or quarantined. All livestock are eligible for standard transport and sale.
This is an automated warning message from your ResidueGuard portal.
&copy; 2026 ResidueGuard Ltd. All rights reserved.
========================================

========================================
TIMESTAMP: 2026-07-16 13:02:02
TO: user_ed18b4 <user_ed18b4@testfarm.com>
SUBJECT: [ResidueGuard] Daily Withdrawal & MRL Compliance Alert - 2026-07-16
SMTP SENT: False (Error: )
----------------------------------------
ResidueGuard Alerts
Daily Farm Compliance & Withdrawal Summary
Hello user_ed18b4,
Below is your scheduled daily status report for tenant account #8. Please ensure all animals listed under withdrawal do not enter the commercial food supply chain until their respective clearance dates.
🎉 All Compliant
No animals are currently treated, in withdrawal, or quarantined. All livestock are eligible for standard transport and sale.
This is an automated warning message from your ResidueGuard portal.
&copy; 2026 ResidueGuard Ltd. All rights reserved.
========================================

========================================
TIMESTAMP: 2026-07-16 13:02:02
TO: user_e5e88f <user_e5e88f@testfarm.com>
SUBJECT: [ResidueGuard] Daily Withdrawal & MRL Compliance Alert - 2026-07-16
SMTP SENT: False (Error: )
----------------------------------------
ResidueGuard Alerts
Daily Farm Compliance & Withdrawal Summary
Hello user_e5e88f,
Below is your scheduled daily status report for tenant account #9. Please ensure all animals listed under withdrawal do not enter the commercial food supply chain until their respective clearance dates.
🎉 All Compliant
No animals are currently treated, in withdrawal, or quarantined. All livestock are eligible for standard transport and sale.
This is an automated warning message from your ResidueGuard portal.
&copy; 2026 ResidueGuard Ltd. All rights reserved.
========================================

========================================
TIMESTAMP: 2026-07-16 13:02:02
TO: user_355de8 <user_355de8@testfarm.com>
SUBJECT: [ResidueGuard] Daily Withdrawal & MRL Compliance Alert - 2026-07-16
SMTP SENT: False (Error: )
----------------------------------------
ResidueGuard Alerts
Daily Farm Compliance & Withdrawal Summary
Hello user_355de8,
Below is your scheduled daily status report for tenant account #10. Please ensure all animals listed under withdrawal do not enter the commercial food supply chain until their respective clearance dates.
🎉 All Compliant
No animals are currently treated, in withdrawal, or quarantined. All livestock are eligible for standard transport and sale.
This is an automated warning message from your ResidueGuard portal.
&copy; 2026 ResidueGuard Ltd. All rights reserved.
========================================

========================================
TIMESTAMP: 2026-07-16 13:02:02
TO: user_725aea <user_725aea@testfarm.com>
SUBJECT: [ResidueGuard] Daily Withdrawal & MRL Compliance Alert - 2026-07-16
SMTP SENT: False (Error: )
----------------------------------------
ResidueGuard Alerts
Daily Farm Compliance & Withdrawal Summary
Hello user_725aea,
Below is your scheduled daily status report for tenant account #11. Please ensure all animals listed under withdrawal do not enter the commercial food supply chain until their respective clearance dates.
🎉 All Compliant
No animals are currently treated, in withdrawal, or quarantined. All livestock are eligible for standard transport and sale.
This is an automated warning message from your ResidueGuard portal.
&copy; 2026 ResidueGuard Ltd. All rights reserved.
========================================

========================================
TIMESTAMP: 2026-07-16 13:02:02
TO: user_81aec4 <user_81aec4@testfarm.com>
SUBJECT: [ResidueGuard] Daily Withdrawal & MRL Compliance Alert - 2026-07-16
SMTP SENT: False (Error: )
----------------------------------------
ResidueGuard Alerts
Daily Farm Compliance & Withdrawal Summary
Hello user_81aec4,
Below is your scheduled daily status report for tenant account #12. Please ensure all animals listed under withdrawal do not enter the commercial food supply chain until their respective clearance dates.
🎉 All Compliant
No animals are currently treated, in withdrawal, or quarantined. All livestock are eligible for standard transport and sale.
This is an automated warning message from your ResidueGuard portal.
&copy; 2026 ResidueGuard Ltd. All rights reserved.
========================================

========================================
TIMESTAMP: 2026-07-16 13:02:02
TO: user_c40599 <user_c40599@testfarm.com>
SUBJECT: [ResidueGuard] Daily Withdrawal & MRL Compliance Alert - 2026-07-16
SMTP SENT: False (Error: )
----------------------------------------
ResidueGuard Alerts
Daily Farm Compliance & Withdrawal Summary
Hello user_c40599,
Below is your scheduled daily status report for tenant account #13. Please ensure all animals listed under withdrawal do not enter the commercial food supply chain until their respective clearance dates.
🎉 All Compliant
No animals are currently treated, in withdrawal, or quarantined. All livestock are eligible for standard transport and sale.
This is an automated warning message from your ResidueGuard portal.
&copy; 2026 ResidueGuard Ltd. All rights reserved.
========================================

========================================
TIMESTAMP: 2026-07-16 13:02:02
TO: user_bbcda7 <user_bbcda7@testfarm.com>
SUBJECT: [ResidueGuard] Daily Withdrawal & MRL Compliance Alert - 2026-07-16
SMTP SENT: False (Error: )
----------------------------------------
ResidueGuard Alerts
Daily Farm Compliance & Withdrawal Summary
Hello user_bbcda7,
Below is your scheduled daily status report for tenant account #14. Please ensure all animals listed under withdrawal do not enter the commercial food supply chain until their respective clearance dates.
🎉 All Compliant
No animals are currently treated, in withdrawal, or quarantined. All livestock are eligible for standard transport and sale.
This is an automated warning message from your ResidueGuard portal.
&copy; 2026 ResidueGuard Ltd. All rights reserved.
========================================

========================================
TIMESTAMP: 2026-07-16 13:02:02
TO: user_f1a81c <user_f1a81c@testfarm.com>
SUBJECT: [ResidueGuard] Daily Withdrawal & MRL Compliance Alert - 2026-07-16
SMTP SENT: False (Error: )
----------------------------------------
ResidueGuard Alerts
Daily Farm Compliance & Withdrawal Summary
Hello user_f1a81c,
Below is your scheduled daily status report for tenant account #15. Please ensure all animals listed under withdrawal do not enter the commercial food supply chain until their respective clearance dates.
🎉 All Compliant
No animals are currently treated, in withdrawal, or quarantined. All livestock are eligible for standard transport and sale.
This is an automated warning message from your ResidueGuard portal.
&copy; 2026 ResidueGuard Ltd. All rights reserved.
========================================

========================================
TIMESTAMP: 2026-07-16 13:03:16
TO: user_ed18b4 <user_ed18b4@testfarm.com>
SUBJECT: [ResidueGuard] Daily Withdrawal & MRL Compliance Alert - 2026-07-16
SMTP SENT: False (Error: )
----------------------------------------
ResidueGuard Alerts
Daily Farm Compliance & Withdrawal Summary
Hello user_ed18b4,
Below is your scheduled daily status report for tenant account #8. Please ensure all animals listed under withdrawal do not enter the commercial food supply chain until their respective clearance dates.
🎉 All Compliant
No animals are currently treated, in withdrawal, or quarantined. All livestock are eligible for standard transport and sale.
This is an automated warning message from your ResidueGuard portal.
&copy; 2026 ResidueGuard Ltd. All rights reserved.
========================================

========================================
TIMESTAMP: 2026-07-16 13:03:16
TO: user_e5e88f <user_e5e88f@testfarm.com>
SUBJECT: [ResidueGuard] Daily Withdrawal & MRL Compliance Alert - 2026-07-16
SMTP SENT: False (Error: )
----------------------------------------
ResidueGuard Alerts
Daily Farm Compliance & Withdrawal Summary
Hello user_e5e88f,
Below is your scheduled daily status report for tenant account #9. Please ensure all animals listed under withdrawal do not enter the commercial food supply chain until their respective clearance dates.
🎉 All Compliant
No animals are currently treated, in withdrawal, or quarantined. All livestock are eligible for standard transport and sale.
This is an automated warning message from your ResidueGuard portal.
&copy; 2026 ResidueGuard Ltd. All rights reserved.
========================================

========================================
TIMESTAMP: 2026-07-16 13:03:16
TO: user_355de8 <user_355de8@testfarm.com>
SUBJECT: [ResidueGuard] Daily Withdrawal & MRL Compliance Alert - 2026-07-16
SMTP SENT: False (Error: )
----------------------------------------
ResidueGuard Alerts
Daily Farm Compliance & Withdrawal Summary
Hello user_355de8,
Below is your scheduled daily status report for tenant account #10. Please ensure all animals listed under withdrawal do not enter the commercial food supply chain until their respective clearance dates.
🎉 All Compliant
No animals are currently treated, in withdrawal, or quarantined. All livestock are eligible for standard transport and sale.
This is an automated warning message from your ResidueGuard portal.
&copy; 2026 ResidueGuard Ltd. All rights reserved.
========================================

========================================
TIMESTAMP: 2026-07-16 13:03:16
TO: user_725aea <user_725aea@testfarm.com>
SUBJECT: [ResidueGuard] Daily Withdrawal & MRL Compliance Alert - 2026-07-16
SMTP SENT: False (Error: )
----------------------------------------
ResidueGuard Alerts
Daily Farm Compliance & Withdrawal Summary
Hello user_725aea,
Below is your scheduled daily status report for tenant account #11. Please ensure all animals listed under withdrawal do not enter the commercial food supply chain until their respective clearance dates.
🎉 All Compliant
No animals are currently treated, in withdrawal, or quarantined. All livestock are eligible for standard transport and sale.
This is an automated warning message from your ResidueGuard portal.
&copy; 2026 ResidueGuard Ltd. All rights reserved.
========================================

========================================
TIMESTAMP: 2026-07-16 13:03:16
TO: user_81aec4 <user_81aec4@testfarm.com>
SUBJECT: [ResidueGuard] Daily Withdrawal & MRL Compliance Alert - 2026-07-16
SMTP SENT: False (Error: )
----------------------------------------
ResidueGuard Alerts
Daily Farm Compliance & Withdrawal Summary
Hello user_81aec4,
Below is your scheduled daily status report for tenant account #12. Please ensure all animals listed under withdrawal do not enter the commercial food supply chain until their respective clearance dates.
🎉 All Compliant
No animals are currently treated, in withdrawal, or quarantined. All livestock are eligible for standard transport and sale.
This is an automated warning message from your ResidueGuard portal.
&copy; 2026 ResidueGuard Ltd. All rights reserved.
========================================

========================================
TIMESTAMP: 2026-07-16 13:03:16
TO: user_c40599 <user_c40599@testfarm.com>
SUBJECT: [ResidueGuard] Daily Withdrawal & MRL Compliance Alert - 2026-07-16
SMTP SENT: False (Error: )
----------------------------------------
ResidueGuard Alerts
Daily Farm Compliance & Withdrawal Summary
Hello user_c40599,
Below is your scheduled daily status report for tenant account #13. Please ensure all animals listed under withdrawal do not enter the commercial food supply chain until their respective clearance dates.
🎉 All Compliant
No animals are currently treated, in withdrawal, or quarantined. All livestock are eligible for standard transport and sale.
This is an automated warning message from your ResidueGuard portal.
&copy; 2026 ResidueGuard Ltd. All rights reserved.
========================================

========================================
TIMESTAMP: 2026-07-16 13:03:16
TO: user_bbcda7 <user_bbcda7@testfarm.com>
SUBJECT: [ResidueGuard] Daily Withdrawal & MRL Compliance Alert - 2026-07-16
SMTP SENT: False (Error: )
----------------------------------------
ResidueGuard Alerts
Daily Farm Compliance & Withdrawal Summary
Hello user_bbcda7,
Below is your scheduled daily status report for tenant account #14. Please ensure all animals listed under withdrawal do not enter the commercial food supply chain until their respective clearance dates.
🎉 All Compliant
No animals are currently treated, in withdrawal, or quarantined. All livestock are eligible for standard transport and sale.
This is an automated warning message from your ResidueGuard portal.
&copy; 2026 ResidueGuard Ltd. All rights reserved.
========================================

========================================
TIMESTAMP: 2026-07-16 13:03:16
TO: user_f1a81c <user_f1a81c@testfarm.com>
SUBJECT: [ResidueGuard] Daily Withdrawal & MRL Compliance Alert - 2026-07-16
SMTP SENT: False (Error: )
----------------------------------------
ResidueGuard Alerts
Daily Farm Compliance & Withdrawal Summary
Hello user_f1a81c,
Below is your scheduled daily status report for tenant account #15. Please ensure all animals listed under withdrawal do not enter the commercial food supply chain until their respective clearance dates.
🎉 All Compliant
No animals are currently treated, in withdrawal, or quarantined. All livestock are eligible for standard transport and sale.
This is an automated warning message from your ResidueGuard portal.
&copy; 2026 ResidueGuard Ltd. All rights reserved.
========================================

========================================
TIMESTAMP: 2026-07-16 13:03:16
TO: user_ed18b4 <user_ed18b4@testfarm.com>
SUBJECT: [ResidueGuard] Daily Withdrawal & MRL Compliance Alert - 2026-07-16
SMTP SENT: False (Error: )
----------------------------------------
ResidueGuard Alerts
Daily Farm Compliance & Withdrawal Summary
Hello user_ed18b4,
Below is your scheduled daily status report for tenant account #8. Please ensure all animals listed under withdrawal do not enter the commercial food supply chain until their respective clearance dates.
🎉 All Compliant
No animals are currently treated, in withdrawal, or quarantined. All livestock are eligible for standard transport and sale.
This is an automated warning message from your ResidueGuard portal.
&copy; 2026 ResidueGuard Ltd. All rights reserved.
========================================

========================================
TIMESTAMP: 2026-07-16 13:03:16
TO: user_e5e88f <user_e5e88f@testfarm.com>
SUBJECT: [ResidueGuard] Daily Withdrawal & MRL Compliance Alert - 2026-07-16
SMTP SENT: False (Error: )
----------------------------------------
ResidueGuard Alerts
Daily Farm Compliance & Withdrawal Summary
Hello user_e5e88f,
Below is your scheduled daily status report for tenant account #9. Please ensure all animals listed under withdrawal do not enter the commercial food supply chain until their respective clearance dates.
🎉 All Compliant
No animals are currently treated, in withdrawal, or quarantined. All livestock are eligible for standard transport and sale.
This is an automated warning message from your ResidueGuard portal.
&copy; 2026 ResidueGuard Ltd. All rights reserved.
========================================

========================================
TIMESTAMP: 2026-07-16 13:03:16
TO: user_355de8 <user_355de8@testfarm.com>
SUBJECT: [ResidueGuard] Daily Withdrawal & MRL Compliance Alert - 2026-07-16
SMTP SENT: False (Error: )
----------------------------------------
ResidueGuard Alerts
Daily Farm Compliance & Withdrawal Summary
Hello user_355de8,
Below is your scheduled daily status report for tenant account #10. Please ensure all animals listed under withdrawal do not enter the commercial food supply chain until their respective clearance dates.
🎉 All Compliant
No animals are currently treated, in withdrawal, or quarantined. All livestock are eligible for standard transport and sale.
This is an automated warning message from your ResidueGuard portal.
&copy; 2026 ResidueGuard Ltd. All rights reserved.
========================================

========================================
TIMESTAMP: 2026-07-16 13:03:16
TO: user_725aea <user_725aea@testfarm.com>
SUBJECT: [ResidueGuard] Daily Withdrawal & MRL Compliance Alert - 2026-07-16
SMTP SENT: False (Error: )
----------------------------------------
ResidueGuard Alerts
Daily Farm Compliance & Withdrawal Summary
Hello user_725aea,
Below is your scheduled daily status report for tenant account #11. Please ensure all animals listed under withdrawal do not enter the commercial food supply chain until their respective clearance dates.
🎉 All Compliant
No animals are currently treated, in withdrawal, or quarantined. All livestock are eligible for standard transport and sale.
This is an automated warning message from your ResidueGuard portal.
&copy; 2026 ResidueGuard Ltd. All rights reserved.
========================================

========================================
TIMESTAMP: 2026-07-16 13:03:16
TO: user_81aec4 <user_81aec4@testfarm.com>
SUBJECT: [ResidueGuard] Daily Withdrawal & MRL Compliance Alert - 2026-07-16
SMTP SENT: False (Error: )
----------------------------------------
ResidueGuard Alerts
Daily Farm Compliance & Withdrawal Summary
Hello user_81aec4,
Below is your scheduled daily status report for tenant account #12. Please ensure all animals listed under withdrawal do not enter the commercial food supply chain until their respective clearance dates.
🎉 All Compliant
No animals are currently treated, in withdrawal, or quarantined. All livestock are eligible for standard transport and sale.
This is an automated warning message from your ResidueGuard portal.
&copy; 2026 ResidueGuard Ltd. All rights reserved.
========================================

========================================
TIMESTAMP: 2026-07-16 13:03:16
TO: user_c40599 <user_c40599@testfarm.com>
SUBJECT: [ResidueGuard] Daily Withdrawal & MRL Compliance Alert - 2026-07-16
SMTP SENT: False (Error: )
----------------------------------------
ResidueGuard Alerts
Daily Farm Compliance & Withdrawal Summary
Hello user_c40599,
Below is your scheduled daily status report for tenant account #13. Please ensure all animals listed under withdrawal do not enter the commercial food supply chain until their respective clearance dates.
🎉 All Compliant
No animals are currently treated, in withdrawal, or quarantined. All livestock are eligible for standard transport and sale.
This is an automated warning message from your ResidueGuard portal.
&copy; 2026 ResidueGuard Ltd. All rights reserved.
========================================

========================================
TIMESTAMP: 2026-07-16 13:03:16
TO: user_bbcda7 <user_bbcda7@testfarm.com>
SUBJECT: [ResidueGuard] Daily Withdrawal & MRL Compliance Alert - 2026-07-16
SMTP SENT: False (Error: )
----------------------------------------
ResidueGuard Alerts
Daily Farm Compliance & Withdrawal Summary
Hello user_bbcda7,
Below is your scheduled daily status report for tenant account #14. Please ensure all animals listed under withdrawal do not enter the commercial food supply chain until their respective clearance dates.
🎉 All Compliant
No animals are currently treated, in withdrawal, or quarantined. All livestock are eligible for standard transport and sale.
This is an automated warning message from your ResidueGuard portal.
&copy; 2026 ResidueGuard Ltd. All rights reserved.
========================================

========================================
TIMESTAMP: 2026-07-16 13:03:16
TO: user_f1a81c <user_f1a81c@testfarm.com>
SUBJECT: [ResidueGuard] Daily Withdrawal & MRL Compliance Alert - 2026-07-16
SMTP SENT: False (Error: )
----------------------------------------
ResidueGuard Alerts
Daily Farm Compliance & Withdrawal Summary
Hello user_f1a81c,
Below is your scheduled daily status report for tenant account #15. Please ensure all animals listed under withdrawal do not enter the commercial food supply chain until their respective clearance dates.
🎉 All Compliant
No animals are currently treated, in withdrawal, or quarantined. All livestock are eligible for standard transport and sale.
This is an automated warning message from your ResidueGuard portal.
&copy; 2026 ResidueGuard Ltd. All rights reserved.
========================================

========================================
TIMESTAMP: 2026-07-16 13:05:11
TO: user_ed18b4 <user_ed18b4@testfarm.com>
SUBJECT: [ResidueGuard] Daily Withdrawal & MRL Compliance Alert - 2026-07-16
SMTP SENT: False (Error: )
----------------------------------------
ResidueGuard Alerts
Daily Farm Compliance & Withdrawal Summary
Hello user_ed18b4,
Below is your scheduled daily status report for tenant account #8. Please ensure all animals listed under withdrawal do not enter the commercial food supply chain until their respective clearance dates.
🎉 All Compliant
No animals are currently treated, in withdrawal, or quarantined. All livestock are eligible for standard transport and sale.
This is an automated warning message from your ResidueGuard portal.
&copy; 2026 ResidueGuard Ltd. All rights reserved.
========================================

========================================
TIMESTAMP: 2026-07-16 13:05:11
TO: user_e5e88f <user_e5e88f@testfarm.com>
SUBJECT: [ResidueGuard] Daily Withdrawal & MRL Compliance Alert - 2026-07-16
SMTP SENT: False (Error: )
----------------------------------------
ResidueGuard Alerts
Daily Farm Compliance & Withdrawal Summary
Hello user_e5e88f,
Below is your scheduled daily status report for tenant account #9. Please ensure all animals listed under withdrawal do not enter the commercial food supply chain until their respective clearance dates.
🎉 All Compliant
No animals are currently treated, in withdrawal, or quarantined. All livestock are eligible for standard transport and sale.
This is an automated warning message from your ResidueGuard portal.
&copy; 2026 ResidueGuard Ltd. All rights reserved.
========================================

========================================
TIMESTAMP: 2026-07-16 13:05:11
TO: user_355de8 <user_355de8@testfarm.com>
SUBJECT: [ResidueGuard] Daily Withdrawal & MRL Compliance Alert - 2026-07-16
SMTP SENT: False (Error: )
----------------------------------------
ResidueGuard Alerts
Daily Farm Compliance & Withdrawal Summary
Hello user_355de8,
Below is your scheduled daily status report for tenant account #10. Please ensure all animals listed under withdrawal do not enter the commercial food supply chain until their respective clearance dates.
🎉 All Compliant
No animals are currently treated, in withdrawal, or quarantined. All livestock are eligible for standard transport and sale.
This is an automated warning message from your ResidueGuard portal.
&copy; 2026 ResidueGuard Ltd. All rights reserved.
========================================

========================================
TIMESTAMP: 2026-07-16 13:05:11
TO: user_725aea <user_725aea@testfarm.com>
SUBJECT: [ResidueGuard] Daily Withdrawal & MRL Compliance Alert - 2026-07-16
SMTP SENT: False (Error: )
----------------------------------------
ResidueGuard Alerts
Daily Farm Compliance & Withdrawal Summary
Hello user_725aea,
Below is your scheduled daily status report for tenant account #11. Please ensure all animals listed under withdrawal do not enter the commercial food supply chain until their respective clearance dates.
🎉 All Compliant
No animals are currently treated, in withdrawal, or quarantined. All livestock are eligible for standard transport and sale.
This is an automated warning message from your ResidueGuard portal.
&copy; 2026 ResidueGuard Ltd. All rights reserved.
========================================

========================================
TIMESTAMP: 2026-07-16 13:05:11
TO: user_81aec4 <user_81aec4@testfarm.com>
SUBJECT: [ResidueGuard] Daily Withdrawal & MRL Compliance Alert - 2026-07-16
SMTP SENT: False (Error: )
----------------------------------------
ResidueGuard Alerts
Daily Farm Compliance & Withdrawal Summary
Hello user_81aec4,
Below is your scheduled daily status report for tenant account #12. Please ensure all animals listed under withdrawal do not enter the commercial food supply chain until their respective clearance dates.
🎉 All Compliant
No animals are currently treated, in withdrawal, or quarantined. All livestock are eligible for standard transport and sale.
This is an automated warning message from your ResidueGuard portal.
&copy; 2026 ResidueGuard Ltd. All rights reserved.
========================================

========================================
TIMESTAMP: 2026-07-16 13:05:11
TO: user_c40599 <user_c40599@testfarm.com>
SUBJECT: [ResidueGuard] Daily Withdrawal & MRL Compliance Alert - 2026-07-16
SMTP SENT: False (Error: )
----------------------------------------
ResidueGuard Alerts
Daily Farm Compliance & Withdrawal Summary
Hello user_c40599,
Below is your scheduled daily status report for tenant account #13. Please ensure all animals listed under withdrawal do not enter the commercial food supply chain until their respective clearance dates.
🎉 All Compliant
No animals are currently treated, in withdrawal, or quarantined. All livestock are eligible for standard transport and sale.
This is an automated warning message from your ResidueGuard portal.
&copy; 2026 ResidueGuard Ltd. All rights reserved.
========================================

========================================
TIMESTAMP: 2026-07-16 13:05:11
TO: user_bbcda7 <user_bbcda7@testfarm.com>
SUBJECT: [ResidueGuard] Daily Withdrawal & MRL Compliance Alert - 2026-07-16
SMTP SENT: False (Error: )
----------------------------------------
ResidueGuard Alerts
Daily Farm Compliance & Withdrawal Summary
Hello user_bbcda7,
Below is your scheduled daily status report for tenant account #14. Please ensure all animals listed under withdrawal do not enter the commercial food supply chain until their respective clearance dates.
🎉 All Compliant
No animals are currently treated, in withdrawal, or quarantined. All livestock are eligible for standard transport and sale.
This is an automated warning message from your ResidueGuard portal.
&copy; 2026 ResidueGuard Ltd. All rights reserved.
========================================

========================================
TIMESTAMP: 2026-07-16 13:05:11
TO: user_f1a81c <user_f1a81c@testfarm.com>
SUBJECT: [ResidueGuard] Daily Withdrawal & MRL Compliance Alert - 2026-07-16
SMTP SENT: False (Error: )
----------------------------------------
ResidueGuard Alerts
Daily Farm Compliance & Withdrawal Summary
Hello user_f1a81c,
Below is your scheduled daily status report for tenant account #15. Please ensure all animals listed under withdrawal do not enter the commercial food supply chain until their respective clearance dates.
🎉 All Compliant
No animals are currently treated, in withdrawal, or quarantined. All livestock are eligible for standard transport and sale.
This is an automated warning message from your ResidueGuard portal.
&copy; 2026 ResidueGuard Ltd. All rights reserved.
========================================

========================================
TIMESTAMP: 2026-07-16 13:05:11
TO: ranjith <ranjithpalanisamy2006@gmail.com>
SUBJECT: [ResidueGuard] Daily Withdrawal & MRL Compliance Alert - 2026-07-16
SMTP SENT: False (Error: )
----------------------------------------
ResidueGuard Alerts
Daily Farm Compliance & Withdrawal Summary
Hello ranjith,
Below is your scheduled daily status report for tenant account #16. Please ensure all animals listed under withdrawal do not enter the commercial food supply chain until their respective clearance dates.
🎉 All Compliant
No animals are currently treated, in withdrawal, or quarantined. All livestock are eligible for standard transport and sale.
This is an automated warning message from your ResidueGuard portal.
&copy; 2026 ResidueGuard Ltd. All rights reserved.
========================================

========================================
TIMESTAMP: 2026-07-16 13:07:17
TO: user_ed18b4 <user_ed18b4@testfarm.com>
SUBJECT: [ResidueGuard] Daily Withdrawal & MRL Compliance Alert - 2026-07-16
SMTP SENT: False (Error: )
----------------------------------------
ResidueGuard Alerts
Daily Farm Compliance & Withdrawal Summary
Hello user_ed18b4,
Below is your scheduled daily status report for tenant account #8. Please ensure all animals listed under withdrawal do not enter the commercial food supply chain until their respective clearance dates.
🎉 All Compliant
No animals are currently treated, in withdrawal, or quarantined. All livestock are eligible for standard transport and sale.
This is an automated warning message from your ResidueGuard portal.
&copy; 2026 ResidueGuard Ltd. All rights reserved.
========================================

========================================
TIMESTAMP: 2026-07-16 13:07:17
TO: user_e5e88f <user_e5e88f@testfarm.com>
SUBJECT: [ResidueGuard] Daily Withdrawal & MRL Compliance Alert - 2026-07-16
SMTP SENT: False (Error: )
----------------------------------------
ResidueGuard Alerts
Daily Farm Compliance & Withdrawal Summary
Hello user_e5e88f,
Below is your scheduled daily status report for tenant account #9. Please ensure all animals listed under withdrawal do not enter the commercial food supply chain until their respective clearance dates.
🎉 All Compliant
No animals are currently treated, in withdrawal, or quarantined. All livestock are eligible for standard transport and sale.
This is an automated warning message from your ResidueGuard portal.
&copy; 2026 ResidueGuard Ltd. All rights reserved.
========================================

========================================
TIMESTAMP: 2026-07-16 13:07:17
TO: user_355de8 <user_355de8@testfarm.com>
SUBJECT: [ResidueGuard] Daily Withdrawal & MRL Compliance Alert - 2026-07-16
SMTP SENT: False (Error: )
----------------------------------------
ResidueGuard Alerts
Daily Farm Compliance & Withdrawal Summary
Hello user_355de8,
Below is your scheduled daily status report for tenant account #10. Please ensure all animals listed under withdrawal do not enter the commercial food supply chain until their respective clearance dates.
🎉 All Compliant
No animals are currently treated, in withdrawal, or quarantined. All livestock are eligible for standard transport and sale.
This is an automated warning message from your ResidueGuard portal.
&copy; 2026 ResidueGuard Ltd. All rights reserved.
========================================

========================================
TIMESTAMP: 2026-07-16 13:07:17
TO: user_725aea <user_725aea@testfarm.com>
SUBJECT: [ResidueGuard] Daily Withdrawal & MRL Compliance Alert - 2026-07-16
SMTP SENT: False (Error: )
----------------------------------------
ResidueGuard Alerts
Daily Farm Compliance & Withdrawal Summary
Hello user_725aea,
Below is your scheduled daily status report for tenant account #11. Please ensure all animals listed under withdrawal do not enter the commercial food supply chain until their respective clearance dates.
🎉 All Compliant
No animals are currently treated, in withdrawal, or quarantined. All livestock are eligible for standard transport and sale.
This is an automated warning message from your ResidueGuard portal.
&copy; 2026 ResidueGuard Ltd. All rights reserved.
========================================

========================================
TIMESTAMP: 2026-07-16 13:07:17
TO: user_81aec4 <user_81aec4@testfarm.com>
SUBJECT: [ResidueGuard] Daily Withdrawal & MRL Compliance Alert - 2026-07-16
SMTP SENT: False (Error: )
----------------------------------------
ResidueGuard Alerts
Daily Farm Compliance & Withdrawal Summary
Hello user_81aec4,
Below is your scheduled daily status report for tenant account #12. Please ensure all animals listed under withdrawal do not enter the commercial food supply chain until their respective clearance dates.
🎉 All Compliant
No animals are currently treated, in withdrawal, or quarantined. All livestock are eligible for standard transport and sale.
This is an automated warning message from your ResidueGuard portal.
&copy; 2026 ResidueGuard Ltd. All rights reserved.
========================================

========================================
TIMESTAMP: 2026-07-16 13:07:17
TO: user_c40599 <user_c40599@testfarm.com>
SUBJECT: [ResidueGuard] Daily Withdrawal & MRL Compliance Alert - 2026-07-16
SMTP SENT: False (Error: )
----------------------------------------
ResidueGuard Alerts
Daily Farm Compliance & Withdrawal Summary
Hello user_c40599,
Below is your scheduled daily status report for tenant account #13. Please ensure all animals listed under withdrawal do not enter the commercial food supply chain until their respective clearance dates.
🎉 All Compliant
No animals are currently treated, in withdrawal, or quarantined. All livestock are eligible for standard transport and sale.
This is an automated warning message from your ResidueGuard portal.
&copy; 2026 ResidueGuard Ltd. All rights reserved.
========================================

========================================
TIMESTAMP: 2026-07-16 13:07:17
TO: user_bbcda7 <user_bbcda7@testfarm.com>
SUBJECT: [ResidueGuard] Daily Withdrawal & MRL Compliance Alert - 2026-07-16
SMTP SENT: False (Error: )
----------------------------------------
ResidueGuard Alerts
Daily Farm Compliance & Withdrawal Summary
Hello user_bbcda7,
Below is your scheduled daily status report for tenant account #14. Please ensure all animals listed under withdrawal do not enter the commercial food supply chain until their respective clearance dates.
🎉 All Compliant
No animals are currently treated, in withdrawal, or quarantined. All livestock are eligible for standard transport and sale.
This is an automated warning message from your ResidueGuard portal.
&copy; 2026 ResidueGuard Ltd. All rights reserved.
========================================

========================================
TIMESTAMP: 2026-07-16 13:07:17
TO: user_f1a81c <user_f1a81c@testfarm.com>
SUBJECT: [ResidueGuard] Daily Withdrawal & MRL Compliance Alert - 2026-07-16
SMTP SENT: False (Error: )
----------------------------------------
ResidueGuard Alerts
Daily Farm Compliance & Withdrawal Summary
Hello user_f1a81c,
Below is your scheduled daily status report for tenant account #15. Please ensure all animals listed under withdrawal do not enter the commercial food supply chain until their respective clearance dates.
🎉 All Compliant
No animals are currently treated, in withdrawal, or quarantined. All livestock are eligible for standard transport and sale.
This is an automated warning message from your ResidueGuard portal.
&copy; 2026 ResidueGuard Ltd. All rights reserved.
========================================

========================================
TIMESTAMP: 2026-07-16 13:07:17
TO: ranjith <ranjithpalanisamy2006@gmail.com>
SUBJECT: [ResidueGuard] Daily Withdrawal & MRL Compliance Alert - 2026-07-16
SMTP SENT: False (Error: )
----------------------------------------
ResidueGuard Alerts
Daily Farm Compliance & Withdrawal Summary
Hello ranjith,
Below is your scheduled daily status report for tenant account #16. Please ensure all animals listed under withdrawal do not enter the commercial food supply chain until their respective clearance dates.
🎉 All Compliant
No animals are currently treated, in withdrawal, or quarantined. All livestock are eligible for standard transport and sale.
This is an automated warning message from your ResidueGuard portal.
&copy; 2026 ResidueGuard Ltd. All rights reserved.
========================================

========================================
TIMESTAMP: 2026-07-16 13:07:17
TO: user_022791 <user_022791@testfarm.com>
SUBJECT: [ResidueGuard] Daily Withdrawal & MRL Compliance Alert - 2026-07-16
SMTP SENT: False (Error: )
----------------------------------------
ResidueGuard Alerts
Daily Farm Compliance & Withdrawal Summary
Hello user_022791,
Below is your scheduled daily status report for tenant account #17. Please ensure all animals listed under withdrawal do not enter the commercial food supply chain until their respective clearance dates.
🎉 All Compliant
No animals are currently treated, in withdrawal, or quarantined. All livestock are eligible for standard transport and sale.
This is an automated warning message from your ResidueGuard portal.
&copy; 2026 ResidueGuard Ltd. All rights reserved.
========================================

========================================
TIMESTAMP: 2026-07-16 13:09:12
TO: user_ed18b4 <user_ed18b4@testfarm.com>
SUBJECT: [ResidueGuard] Daily Withdrawal & MRL Compliance Alert - 2026-07-16
SMTP SENT: False (Error: )
----------------------------------------
ResidueGuard Alerts
Daily Farm Compliance & Withdrawal Summary
Hello user_ed18b4,
Below is your scheduled daily status report for tenant account #8. Please ensure all animals listed under withdrawal do not enter the commercial food supply chain until their respective clearance dates.
🎉 All Compliant
No animals are currently treated, in withdrawal, or quarantined. All livestock are eligible for standard transport and sale.
This is an automated warning message from your ResidueGuard portal.
&copy; 2026 ResidueGuard Ltd. All rights reserved.
========================================

========================================
TIMESTAMP: 2026-07-16 13:09:12
TO: user_e5e88f <user_e5e88f@testfarm.com>
SUBJECT: [ResidueGuard] Daily Withdrawal & MRL Compliance Alert - 2026-07-16
SMTP SENT: False (Error: )
----------------------------------------
ResidueGuard Alerts
Daily Farm Compliance & Withdrawal Summary
Hello user_e5e88f,
Below is your scheduled daily status report for tenant account #9. Please ensure all animals listed under withdrawal do not enter the commercial food supply chain until their respective clearance dates.
🎉 All Compliant
No animals are currently treated, in withdrawal, or quarantined. All livestock are eligible for standard transport and sale.
This is an automated warning message from your ResidueGuard portal.
&copy; 2026 ResidueGuard Ltd. All rights reserved.
========================================

========================================
TIMESTAMP: 2026-07-16 13:09:12
TO: user_355de8 <user_355de8@testfarm.com>
SUBJECT: [ResidueGuard] Daily Withdrawal & MRL Compliance Alert - 2026-07-16
SMTP SENT: False (Error: )
----------------------------------------
ResidueGuard Alerts
Daily Farm Compliance & Withdrawal Summary
Hello user_355de8,
Below is your scheduled daily status report for tenant account #10. Please ensure all animals listed under withdrawal do not enter the commercial food supply chain until their respective clearance dates.
🎉 All Compliant
No animals are currently treated, in withdrawal, or quarantined. All livestock are eligible for standard transport and sale.
This is an automated warning message from your ResidueGuard portal.
&copy; 2026 ResidueGuard Ltd. All rights reserved.
========================================

========================================
TIMESTAMP: 2026-07-16 13:09:12
TO: user_725aea <user_725aea@testfarm.com>
SUBJECT: [ResidueGuard] Daily Withdrawal & MRL Compliance Alert - 2026-07-16
SMTP SENT: False (Error: )
----------------------------------------
ResidueGuard Alerts
Daily Farm Compliance & Withdrawal Summary
Hello user_725aea,
Below is your scheduled daily status report for tenant account #11. Please ensure all animals listed under withdrawal do not enter the commercial food supply chain until their respective clearance dates.
🎉 All Compliant
No animals are currently treated, in withdrawal, or quarantined. All livestock are eligible for standard transport and sale.
This is an automated warning message from your ResidueGuard portal.
&copy; 2026 ResidueGuard Ltd. All rights reserved.
========================================

========================================
TIMESTAMP: 2026-07-16 13:09:12
TO: user_81aec4 <user_81aec4@testfarm.com>
SUBJECT: [ResidueGuard] Daily Withdrawal & MRL Compliance Alert - 2026-07-16
SMTP SENT: False (Error: )
----------------------------------------
ResidueGuard Alerts
Daily Farm Compliance & Withdrawal Summary
Hello user_81aec4,
Below is your scheduled daily status report for tenant account #12. Please ensure all animals listed under withdrawal do not enter the commercial food supply chain until their respective clearance dates.
🎉 All Compliant
No animals are currently treated, in withdrawal, or quarantined. All livestock are eligible for standard transport and sale.
This is an automated warning message from your ResidueGuard portal.
&copy; 2026 ResidueGuard Ltd. All rights reserved.
========================================

========================================
TIMESTAMP: 2026-07-16 13:09:12
TO: user_c40599 <user_c40599@testfarm.com>
SUBJECT: [ResidueGuard] Daily Withdrawal & MRL Compliance Alert - 2026-07-16
SMTP SENT: False (Error: )
----------------------------------------
ResidueGuard Alerts
Daily Farm Compliance & Withdrawal Summary
Hello user_c40599,
Below is your scheduled daily status report for tenant account #13. Please ensure all animals listed under withdrawal do not enter the commercial food supply chain until their respective clearance dates.
🎉 All Compliant
No animals are currently treated, in withdrawal, or quarantined. All livestock are eligible for standard transport and sale.
This is an automated warning message from your ResidueGuard portal.
&copy; 2026 ResidueGuard Ltd. All rights reserved.
========================================

========================================
TIMESTAMP: 2026-07-16 13:09:12
TO: user_bbcda7 <user_bbcda7@testfarm.com>
SUBJECT: [ResidueGuard] Daily Withdrawal & MRL Compliance Alert - 2026-07-16
SMTP SENT: False (Error: )
----------------------------------------
ResidueGuard Alerts
Daily Farm Compliance & Withdrawal Summary
Hello user_bbcda7,
Below is your scheduled daily status report for tenant account #14. Please ensure all animals listed under withdrawal do not enter the commercial food supply chain until their respective clearance dates.
🎉 All Compliant
No animals are currently treated, in withdrawal, or quarantined. All livestock are eligible for standard transport and sale.
This is an automated warning message from your ResidueGuard portal.
&copy; 2026 ResidueGuard Ltd. All rights reserved.
========================================

========================================
TIMESTAMP: 2026-07-16 13:09:12
TO: user_f1a81c <user_f1a81c@testfarm.com>
SUBJECT: [ResidueGuard] Daily Withdrawal & MRL Compliance Alert - 2026-07-16
SMTP SENT: False (Error: )
----------------------------------------
ResidueGuard Alerts
Daily Farm Compliance & Withdrawal Summary
Hello user_f1a81c,
Below is your scheduled daily status report for tenant account #15. Please ensure all animals listed under withdrawal do not enter the commercial food supply chain until their respective clearance dates.
🎉 All Compliant
No animals are currently treated, in withdrawal, or quarantined. All livestock are eligible for standard transport and sale.
This is an automated warning message from your ResidueGuard portal.
&copy; 2026 ResidueGuard Ltd. All rights reserved.
========================================

========================================
TIMESTAMP: 2026-07-16 13:09:12
TO: ranjith <ranjithpalanisamy2006@gmail.com>
SUBJECT: [ResidueGuard] Daily Withdrawal & MRL Compliance Alert - 2026-07-16
SMTP SENT: False (Error: )
----------------------------------------
ResidueGuard Alerts
Daily Farm Compliance & Withdrawal Summary
Hello ranjith,
Below is your scheduled daily status report for tenant account #16. Please ensure all animals listed under withdrawal do not enter the commercial food supply chain until their respective clearance dates.
🎉 All Compliant
No animals are currently treated, in withdrawal, or quarantined. All livestock are eligible for standard transport and sale.
This is an automated warning message from your ResidueGuard portal.
&copy; 2026 ResidueGuard Ltd. All rights reserved.
========================================

========================================
TIMESTAMP: 2026-07-16 13:09:12
TO: user_022791 <user_022791@testfarm.com>
SUBJECT: [ResidueGuard] Daily Withdrawal & MRL Compliance Alert - 2026-07-16
SMTP SENT: False (Error: )
----------------------------------------
ResidueGuard Alerts
Daily Farm Compliance & Withdrawal Summary
Hello user_022791,
Below is your scheduled daily status report for tenant account #17. Please ensure all animals listed under withdrawal do not enter the commercial food supply chain until their respective clearance dates.
🎉 All Compliant
No animals are currently treated, in withdrawal, or quarantined. All livestock are eligible for standard transport and sale.
This is an automated warning message from your ResidueGuard portal.
&copy; 2026 ResidueGuard Ltd. All rights reserved.
========================================

========================================
TIMESTAMP: 2026-07-16 13:09:13
TO: user_ed18b4 <user_ed18b4@testfarm.com>
SUBJECT: [ResidueGuard] Daily Withdrawal & MRL Compliance Alert - 2026-07-16
SMTP SENT: False (Error: )
----------------------------------------
ResidueGuard Alerts
Daily Farm Compliance & Withdrawal Summary
Hello user_ed18b4,
Below is your scheduled daily status report for tenant account #8. Please ensure all animals listed under withdrawal do not enter the commercial food supply chain until their respective clearance dates.
🎉 All Compliant
No animals are currently treated, in withdrawal, or quarantined. All livestock are eligible for standard transport and sale.
This is an automated warning message from your ResidueGuard portal.
&copy; 2026 ResidueGuard Ltd. All rights reserved.
========================================

========================================
TIMESTAMP: 2026-07-16 13:09:13
TO: user_e5e88f <user_e5e88f@testfarm.com>
SUBJECT: [ResidueGuard] Daily Withdrawal & MRL Compliance Alert - 2026-07-16
SMTP SENT: False (Error: )
----------------------------------------
ResidueGuard Alerts
Daily Farm Compliance & Withdrawal Summary
Hello user_e5e88f,
Below is your scheduled daily status report for tenant account #9. Please ensure all animals listed under withdrawal do not enter the commercial food supply chain until their respective clearance dates.
🎉 All Compliant
No animals are currently treated, in withdrawal, or quarantined. All livestock are eligible for standard transport and sale.
This is an automated warning message from your ResidueGuard portal.
&copy; 2026 ResidueGuard Ltd. All rights reserved.
========================================

========================================
TIMESTAMP: 2026-07-16 13:09:13
TO: user_355de8 <user_355de8@testfarm.com>
SUBJECT: [ResidueGuard] Daily Withdrawal & MRL Compliance Alert - 2026-07-16
SMTP SENT: False (Error: )
----------------------------------------
ResidueGuard Alerts
Daily Farm Compliance & Withdrawal Summary
Hello user_355de8,
Below is your scheduled daily status report for tenant account #10. Please ensure all animals listed under withdrawal do not enter the commercial food supply chain until their respective clearance dates.
🎉 All Compliant
No animals are currently treated, in withdrawal, or quarantined. All livestock are eligible for standard transport and sale.
This is an automated warning message from your ResidueGuard portal.
&copy; 2026 ResidueGuard Ltd. All rights reserved.
========================================

========================================
TIMESTAMP: 2026-07-16 13:09:13
TO: user_725aea <user_725aea@testfarm.com>
SUBJECT: [ResidueGuard] Daily Withdrawal & MRL Compliance Alert - 2026-07-16
SMTP SENT: False (Error: )
----------------------------------------
ResidueGuard Alerts
Daily Farm Compliance & Withdrawal Summary
Hello user_725aea,
Below is your scheduled daily status report for tenant account #11. Please ensure all animals listed under withdrawal do not enter the commercial food supply chain until their respective clearance dates.
🎉 All Compliant
No animals are currently treated, in withdrawal, or quarantined. All livestock are eligible for standard transport and sale.
This is an automated warning message from your ResidueGuard portal.
&copy; 2026 ResidueGuard Ltd. All rights reserved.
========================================

========================================
TIMESTAMP: 2026-07-16 13:09:13
TO: user_81aec4 <user_81aec4@testfarm.com>
SUBJECT: [ResidueGuard] Daily Withdrawal & MRL Compliance Alert - 2026-07-16
SMTP SENT: False (Error: )
----------------------------------------
ResidueGuard Alerts
Daily Farm Compliance & Withdrawal Summary
Hello user_81aec4,
Below is your scheduled daily status report for tenant account #12. Please ensure all animals listed under withdrawal do not enter the commercial food supply chain until their respective clearance dates.
🎉 All Compliant
No animals are currently treated, in withdrawal, or quarantined. All livestock are eligible for standard transport and sale.
This is an automated warning message from your ResidueGuard portal.
&copy; 2026 ResidueGuard Ltd. All rights reserved.
========================================

========================================
TIMESTAMP: 2026-07-16 13:09:13
TO: user_c40599 <user_c40599@testfarm.com>
SUBJECT: [ResidueGuard] Daily Withdrawal & MRL Compliance Alert - 2026-07-16
SMTP SENT: False (Error: )
----------------------------------------
ResidueGuard Alerts
Daily Farm Compliance & Withdrawal Summary
Hello user_c40599,
Below is your scheduled daily status report for tenant account #13. Please ensure all animals listed under withdrawal do not enter the commercial food supply chain until their respective clearance dates.
🎉 All Compliant
No animals are currently treated, in withdrawal, or quarantined. All livestock are eligible for standard transport and sale.
This is an automated warning message from your ResidueGuard portal.
&copy; 2026 ResidueGuard Ltd. All rights reserved.
========================================

========================================
TIMESTAMP: 2026-07-16 13:09:13
TO: user_bbcda7 <user_bbcda7@testfarm.com>
SUBJECT: [ResidueGuard] Daily Withdrawal & MRL Compliance Alert - 2026-07-16
SMTP SENT: False (Error: )
----------------------------------------
ResidueGuard Alerts
Daily Farm Compliance & Withdrawal Summary
Hello user_bbcda7,
Below is your scheduled daily status report for tenant account #14. Please ensure all animals listed under withdrawal do not enter the commercial food supply chain until their respective clearance dates.
🎉 All Compliant
No animals are currently treated, in withdrawal, or quarantined. All livestock are eligible for standard transport and sale.
This is an automated warning message from your ResidueGuard portal.
&copy; 2026 ResidueGuard Ltd. All rights reserved.
========================================

========================================
TIMESTAMP: 2026-07-16 13:09:13
TO: user_f1a81c <user_f1a81c@testfarm.com>
SUBJECT: [ResidueGuard] Daily Withdrawal & MRL Compliance Alert - 2026-07-16
SMTP SENT: False (Error: )
----------------------------------------
ResidueGuard Alerts
Daily Farm Compliance & Withdrawal Summary
Hello user_f1a81c,
Below is your scheduled daily status report for tenant account #15. Please ensure all animals listed under withdrawal do not enter the commercial food supply chain until their respective clearance dates.
🎉 All Compliant
No animals are currently treated, in withdrawal, or quarantined. All livestock are eligible for standard transport and sale.
This is an automated warning message from your ResidueGuard portal.
&copy; 2026 ResidueGuard Ltd. All rights reserved.
========================================

========================================
TIMESTAMP: 2026-07-16 13:09:13
TO: ranjith <ranjithpalanisamy2006@gmail.com>
SUBJECT: [ResidueGuard] Daily Withdrawal & MRL Compliance Alert - 2026-07-16
SMTP SENT: False (Error: )
----------------------------------------
ResidueGuard Alerts
Daily Farm Compliance & Withdrawal Summary
Hello ranjith,
Below is your scheduled daily status report for tenant account #16. Please ensure all animals listed under withdrawal do not enter the commercial food supply chain until their respective clearance dates.
🎉 All Compliant
No animals are currently treated, in withdrawal, or quarantined. All livestock are eligible for standard transport and sale.
This is an automated warning message from your ResidueGuard portal.
&copy; 2026 ResidueGuard Ltd. All rights reserved.
========================================

========================================
TIMESTAMP: 2026-07-16 13:09:13
TO: user_022791 <user_022791@testfarm.com>
SUBJECT: [ResidueGuard] Daily Withdrawal & MRL Compliance Alert - 2026-07-16
SMTP SENT: False (Error: )
----------------------------------------
ResidueGuard Alerts
Daily Farm Compliance & Withdrawal Summary
Hello user_022791,
Below is your scheduled daily status report for tenant account #17. Please ensure all animals listed under withdrawal do not enter the commercial food supply chain until their respective clearance dates.
🎉 All Compliant
No animals are currently treated, in withdrawal, or quarantined. All livestock are eligible for standard transport and sale.
This is an automated warning message from your ResidueGuard portal.
&copy; 2026 ResidueGuard Ltd. All rights reserved.
========================================

========================================
TIMESTAMP: 2026-07-16 13:10:09
TO: user_ed18b4 <user_ed18b4@testfarm.com>
SUBJECT: [ResidueGuard] Daily Withdrawal & MRL Compliance Alert - 2026-07-16
SMTP SENT: False (Error: )
----------------------------------------
ResidueGuard Alerts
Daily Farm Compliance & Withdrawal Summary
Hello user_ed18b4,
Below is your scheduled daily status report for tenant account #8. Please ensure all animals listed under withdrawal do not enter the commercial food supply chain until their respective clearance dates.
🎉 All Compliant
No animals are currently treated, in withdrawal, or quarantined. All livestock are eligible for standard transport and sale.
This is an automated warning message from your ResidueGuard portal.
&copy; 2026 ResidueGuard Ltd. All rights reserved.
========================================

========================================
TIMESTAMP: 2026-07-16 13:10:09
TO: user_e5e88f <user_e5e88f@testfarm.com>
SUBJECT: [ResidueGuard] Daily Withdrawal & MRL Compliance Alert - 2026-07-16
SMTP SENT: False (Error: )
----------------------------------------
ResidueGuard Alerts
Daily Farm Compliance & Withdrawal Summary
Hello user_e5e88f,
Below is your scheduled daily status report for tenant account #9. Please ensure all animals listed under withdrawal do not enter the commercial food supply chain until their respective clearance dates.
🎉 All Compliant
No animals are currently treated, in withdrawal, or quarantined. All livestock are eligible for standard transport and sale.
This is an automated warning message from your ResidueGuard portal.
&copy; 2026 ResidueGuard Ltd. All rights reserved.
========================================

========================================
TIMESTAMP: 2026-07-16 13:10:09
TO: user_355de8 <user_355de8@testfarm.com>
SUBJECT: [ResidueGuard] Daily Withdrawal & MRL Compliance Alert - 2026-07-16
SMTP SENT: False (Error: )
----------------------------------------
ResidueGuard Alerts
Daily Farm Compliance & Withdrawal Summary
Hello user_355de8,
Below is your scheduled daily status report for tenant account #10. Please ensure all animals listed under withdrawal do not enter the commercial food supply chain until their respective clearance dates.
🎉 All Compliant
No animals are currently treated, in withdrawal, or quarantined. All livestock are eligible for standard transport and sale.
This is an automated warning message from your ResidueGuard portal.
&copy; 2026 ResidueGuard Ltd. All rights reserved.
========================================

========================================
TIMESTAMP: 2026-07-16 13:10:09
TO: user_725aea <user_725aea@testfarm.com>
SUBJECT: [ResidueGuard] Daily Withdrawal & MRL Compliance Alert - 2026-07-16
SMTP SENT: False (Error: )
----------------------------------------
ResidueGuard Alerts
Daily Farm Compliance & Withdrawal Summary
Hello user_725aea,
Below is your scheduled daily status report for tenant account #11. Please ensure all animals listed under withdrawal do not enter the commercial food supply chain until their respective clearance dates.
🎉 All Compliant
No animals are currently treated, in withdrawal, or quarantined. All livestock are eligible for standard transport and sale.
This is an automated warning message from your ResidueGuard portal.
&copy; 2026 ResidueGuard Ltd. All rights reserved.
========================================

========================================
TIMESTAMP: 2026-07-16 13:10:09
TO: user_81aec4 <user_81aec4@testfarm.com>
SUBJECT: [ResidueGuard] Daily Withdrawal & MRL Compliance Alert - 2026-07-16
SMTP SENT: False (Error: )
----------------------------------------
ResidueGuard Alerts
Daily Farm Compliance & Withdrawal Summary
Hello user_81aec4,
Below is your scheduled daily status report for tenant account #12. Please ensure all animals listed under withdrawal do not enter the commercial food supply chain until their respective clearance dates.
🎉 All Compliant
No animals are currently treated, in withdrawal, or quarantined. All livestock are eligible for standard transport and sale.
This is an automated warning message from your ResidueGuard portal.
&copy; 2026 ResidueGuard Ltd. All rights reserved.
========================================

========================================
TIMESTAMP: 2026-07-16 13:10:09
TO: user_c40599 <user_c40599@testfarm.com>
SUBJECT: [ResidueGuard] Daily Withdrawal & MRL Compliance Alert - 2026-07-16
SMTP SENT: False (Error: )
----------------------------------------
ResidueGuard Alerts
Daily Farm Compliance & Withdrawal Summary
Hello user_c40599,
Below is your scheduled daily status report for tenant account #13. Please ensure all animals listed under withdrawal do not enter the commercial food supply chain until their respective clearance dates.
🎉 All Compliant
No animals are currently treated, in withdrawal, or quarantined. All livestock are eligible for standard transport and sale.
This is an automated warning message from your ResidueGuard portal.
&copy; 2026 ResidueGuard Ltd. All rights reserved.
========================================

========================================
TIMESTAMP: 2026-07-16 13:10:09
TO: user_bbcda7 <user_bbcda7@testfarm.com>
SUBJECT: [ResidueGuard] Daily Withdrawal & MRL Compliance Alert - 2026-07-16
SMTP SENT: False (Error: )
----------------------------------------
ResidueGuard Alerts
Daily Farm Compliance & Withdrawal Summary
Hello user_bbcda7,
Below is your scheduled daily status report for tenant account #14. Please ensure all animals listed under withdrawal do not enter the commercial food supply chain until their respective clearance dates.
🎉 All Compliant
No animals are currently treated, in withdrawal, or quarantined. All livestock are eligible for standard transport and sale.
This is an automated warning message from your ResidueGuard portal.
&copy; 2026 ResidueGuard Ltd. All rights reserved.
========================================

========================================
TIMESTAMP: 2026-07-16 13:10:09
TO: user_f1a81c <user_f1a81c@testfarm.com>
SUBJECT: [ResidueGuard] Daily Withdrawal & MRL Compliance Alert - 2026-07-16
SMTP SENT: False (Error: )
----------------------------------------
ResidueGuard Alerts
Daily Farm Compliance & Withdrawal Summary
Hello user_f1a81c,
Below is your scheduled daily status report for tenant account #15. Please ensure all animals listed under withdrawal do not enter the commercial food supply chain until their respective clearance dates.
🎉 All Compliant
No animals are currently treated, in withdrawal, or quarantined. All livestock are eligible for standard transport and sale.
This is an automated warning message from your ResidueGuard portal.
&copy; 2026 ResidueGuard Ltd. All rights reserved.
========================================

========================================
TIMESTAMP: 2026-07-16 13:10:09
TO: ranjith <ranjithpalanisamy2006@gmail.com>
SUBJECT: [ResidueGuard] Daily Withdrawal & MRL Compliance Alert - 2026-07-16
SMTP SENT: False (Error: )
----------------------------------------
ResidueGuard Alerts
Daily Farm Compliance & Withdrawal Summary
Hello ranjith,
Below is your scheduled daily status report for tenant account #16. Please ensure all animals listed under withdrawal do not enter the commercial food supply chain until their respective clearance dates.
🎉 All Compliant
No animals are currently treated, in withdrawal, or quarantined. All livestock are eligible for standard transport and sale.
This is an automated warning message from your ResidueGuard portal.
&copy; 2026 ResidueGuard Ltd. All rights reserved.
========================================

========================================
TIMESTAMP: 2026-07-16 13:10:09
TO: user_022791 <user_022791@testfarm.com>
SUBJECT: [ResidueGuard] Daily Withdrawal & MRL Compliance Alert - 2026-07-16
SMTP SENT: False (Error: )
----------------------------------------
ResidueGuard Alerts
Daily Farm Compliance & Withdrawal Summary
Hello user_022791,
Below is your scheduled daily status report for tenant account #17. Please ensure all animals listed under withdrawal do not enter the commercial food supply chain until their respective clearance dates.
🎉 All Compliant
No animals are currently treated, in withdrawal, or quarantined. All livestock are eligible for standard transport and sale.
This is an automated warning message from your ResidueGuard portal.
&copy; 2026 ResidueGuard Ltd. All rights reserved.
========================================
